2026-07-28 14:05:17,235 | INFO    | main         | متصل شد به @lfc_test_1_bot | حالت انتشار: manual
2026-07-28 14:05:17,235 | INFO    | main         | ترجمه: Liverpool are working on Bradley Barcola deal
2026-07-28 14:05:24,830 | ERROR   | telegram     | telegram sendPhoto failed: {'ok': False, 'error_code': 400, 'description': 'Bad Request: failed to get HTTP URL content'}
2026-07-28 14:05:24,929 | ERROR   | telegram     | telegram sendPhoto failed: {'ok': False, 'error_code': 400, 'description': 'Bad Request: object expected as reply markup'}
2026-07-28 14:05:25,083 | INFO    | main         | → در گروه قرار گرفت: Liverpool are working on Bradley Barcola deal
2026-07-28 14:05:26,084 | INFO    | main         | ترجمه: Arne Slot provides injury update ahead of Premier League opener
2026-07-28 14:05:33,687 | INFO    | main         | → در گروه قرار گرفت: Arne Slot provides injury update ahead of Premier League opener
2026-07-28 14:05:34,695 | INFO    | main         | خبرهای نمونه ارسال شدند. برای تست دکمه‌ها ربات را با python main.py روشن نگه دار.
2026-07-28 14:19:05,952 | INFO    | main         | متصل شد به @lfc_test_1_bot | حالت انتشار: manual
2026-07-28 14:19:05,974 | INFO    | main         | ترجمه: Liverpool are working on Bradley Barcola deal
2026-07-28 14:19:17,505 | ERROR   | telegram     | telegram sendPhoto failed: {'ok': False, 'error_code': 400, 'description': 'Bad Request: wrong type of the web page content'}
2026-07-28 14:19:17,603 | ERROR   | telegram     | telegram sendPhoto failed: {'ok': False, 'error_code': 400, 'description': 'Bad Request: object expected as reply markup'}
2026-07-28 14:19:17,857 | ERROR   | telegram     | telegram sendMessage failed: {'ok': False, 'error_code': 400, 'description': 'Bad Request: object expected as reply markup'}
2026-07-28 14:19:17,858 | INFO    | main         | → در گروه قرار گرفت: Liverpool are working on Bradley Barcola deal
2026-07-28 14:19:18,859 | INFO    | main         | ترجمه: Arne Slot provides injury update ahead of Premier League opener
2026-07-28 14:19:33,808 | ERROR   | telegram     | telegram sendMessage failed: {'ok': False, 'error_code': 400, 'description': 'Bad Request: object expected as reply markup'}
2026-07-28 14:19:33,809 | INFO    | main         | → در گروه قرار گرفت: Arne Slot provides injury update ahead of Premier League opener
2026-07-28 14:19:34,809 | INFO    | main         | خبرهای نمونه ارسال شدند. برای تست دکمه‌ها ربات را با python main.py روشن نگه دار.
2026-07-28 14:38:58,715 | INFO    | main         | متصل شد به @lfc_test_1_bot | حالت انتشار: manual
2026-07-28 14:38:58,715 | INFO    | main         | ترجمه: Liverpool are working on Bradley Barcola deal
2026-07-28 14:39:06,714 | INFO    | main         | → در گروه قرار گرفت: Liverpool are working on Bradley Barcola deal
2026-07-28 14:39:07,715 | INFO    | main         | ترجمه: Arne Slot provides injury update ahead of Premier League opener
2026-07-28 14:39:17,710 | INFO    | main         | → در گروه قرار گرفت: Arne Slot provides injury update ahead of Premier League opener
2026-07-28 14:39:18,717 | INFO    | main         | خبرهای نمونه ارسال شدند. برای تست دکمه‌ها ربات را با python main.py روشن نگه دار.
2026-07-28 14:42:27,446 | INFO    | main         | متصل شد به @lfc_test_1_bot | حالت انتشار: manual
2026-07-28 14:42:27,449 | INFO    | main         | سرویس فعال شد — چک منابع هر 60 ثانیه
2026-07-28 14:42:42,922 | WARNING | src.base     | GET https://rsshub.app/twitter/user/FabrizioRomano -> 404
2026-07-28 14:42:54,715 | WARNING | src.base     | GET https://nitter.privacydev.net/FabrizioRomano/rss failed: HTTPSConnectionPool(host='nitter.privacydev.net', port=443): Max retries exceeded with url: /FabrizioRomano/rss (Caused by SSLError(SSLCertVerificationError(1, "[SSL: CERTIFICATE_VERIFY_FAILED] certificate verify failed: Hostname mismatch, certificate is not valid for 'nitter.privacydev.net'. (_ssl.c:1032)")))
2026-07-28 14:42:58,914 | INFO    | main         | ترجمه: Liverpool are working on Bradley Barcola deal
2026-07-28 14:43:03,152 | WARNING | src.base     | GET https://nitter.poast.org/FabrizioRomano/rss -> 403
2026-07-28 14:43:07,762 | ERROR   | src.romano   | هیچ فیدی برای رومانو جواب نداد — ROMANO_FEEDS را بررسی کنید
2026-07-28 14:43:07,764 | INFO    | main         | جمع‌آوری شد: 5 آیتم
2026-07-28 14:43:08,073 | INFO    | main         | ترجمه: Live gallery: Cody Gakpo and Virgil van Dijk report for pre-season at 
2026-07-28 14:43:13,470 | INFO    | main         | → در گروه قرار گرفت: Liverpool are working on Bradley Barcola deal
2026-07-28 14:43:23,412 | INFO    | main         | → در گروه قرار گرفت: Live gallery: Cody Gakpo and Virgil van Dijk report for pre-season at 
2026-07-28 14:43:25,413 | INFO    | main         | ترجمه: Watch all of Leanne Kiernan's goals for Liverpool FC Women - Liverpool
2026-07-28 14:43:33,923 | INFO    | main         | → در گروه قرار گرفت: Watch all of Leanne Kiernan's goals for Liverpool FC Women - Liverpool
2026-07-28 14:43:35,925 | INFO    | main         | ترجمه: Leanne Kiernan completes permanent move to Newcastle United - Liverpoo
2026-07-28 14:43:43,818 | INFO    | main         | → در گروه قرار گرفت: Leanne Kiernan completes permanent move to Newcastle United - Liverpoo
2026-07-28 14:43:45,820 | INFO    | main         | ترجمه: We Love You Liverpool: Meet Official LFC Supporters Club... New York -
2026-07-28 14:43:58,116 | INFO    | main         | → در گروه قرار گرفت: We Love You Liverpool: Meet Official LFC Supporters Club... New York -
2026-07-28 14:44:00,117 | INFO    | main         | ترجمه: Liverpool FC Women set to compete in revamped Subway Players Cup - Liv
2026-07-28 14:44:13,933 | INFO    | main         | → در گروه قرار گرفت: Liverpool FC Women set to compete in revamped Subway Players Cup - Liv
2026-07-28 14:44:15,934 | INFO    | main         | در این سیکل 5 خبر ارسال شد
2026-07-28 14:44:21,972 | WARNING | src.base     | GET https://rsshub.app/twitter/user/FabrizioRomano -> 404
2026-07-28 14:44:34,652 | WARNING | src.base     | GET https://nitter.privacydev.net/FabrizioRomano/rss failed: HTTPSConnectionPool(host='nitter.privacydev.net', port=443): Max retries exceeded with url: /FabrizioRomano/rss (Caused by SSLError(SSLCertVerificationError(1, "[SSL: CERTIFICATE_VERIFY_FAILED] certificate verify failed: Hostname mismatch, certificate is not valid for 'nitter.privacydev.net'. (_ssl.c:1032)")))
2026-07-28 14:44:43,075 | WARNING | src.base     | GET https://nitter.poast.org/FabrizioRomano/rss -> 403
2026-07-28 14:44:47,738 | ERROR   | src.romano   | هیچ فیدی برای رومانو جواب نداد — ROMANO_FEEDS را بررسی کنید
2026-07-28 14:44:47,741 | INFO    | main         | جمع‌آوری شد: 5 آیتم
2026-07-28 14:44:47,742 | INFO    | main         | در این سیکل 0 خبر ارسال شد
2026-07-28 14:45:21,999 | WARNING | src.base     | GET https://rsshub.app/twitter/user/FabrizioRomano -> 404
2026-07-28 14:45:33,676 | WARNING | src.base     | GET https://nitter.privacydev.net/FabrizioRomano/rss failed: HTTPSConnectionPool(host='nitter.privacydev.net', port=443): Max retries exceeded with url: /FabrizioRomano/rss (Caused by SSLError(SSLCertVerificationError(1, "[SSL: CERTIFICATE_VERIFY_FAILED] certificate verify failed: Hostname mismatch, certificate is not valid for 'nitter.privacydev.net'. (_ssl.c:1032)")))
2026-07-28 14:45:42,206 | WARNING | src.base     | GET https://nitter.poast.org/FabrizioRomano/rss -> 403
2026-07-28 14:45:46,859 | ERROR   | src.romano   | هیچ فیدی برای رومانو جواب نداد — ROMANO_FEEDS را بررسی کنید
2026-07-28 14:45:46,862 | INFO    | main         | جمع‌آوری شد: 5 آیتم
2026-07-28 14:45:46,863 | INFO    | main         | در این سیکل 0 خبر ارسال شد
2026-07-28 14:46:27,516 | INFO    | main         | متصل شد به @lfc_test_1_bot | حالت انتشار: manual
2026-07-28 14:46:34,038 | INFO    | main         | جمع‌آوری شد: 5 آیتم
2026-07-28 14:46:34,039 | INFO    | main         | ترجمه: Live gallery: Cody Gakpo and Virgil van Dijk report for pre-season at 
2026-07-28 14:46:42,575 | INFO    | main         | → در گروه قرار گرفت: Live gallery: Cody Gakpo and Virgil van Dijk report for pre-season at 
2026-07-28 14:46:44,576 | INFO    | main         | ترجمه: Watch all of Leanne Kiernan's goals for Liverpool FC Women - Liverpool
2026-07-28 14:46:52,363 | INFO    | main         | → در گروه قرار گرفت: Watch all of Leanne Kiernan's goals for Liverpool FC Women - Liverpool
2026-07-28 14:46:54,364 | INFO    | main         | ترجمه: Leanne Kiernan completes permanent move to Newcastle United - Liverpoo
2026-07-28 14:47:06,398 | INFO    | main         | → در گروه قرار گرفت: Leanne Kiernan completes permanent move to Newcastle United - Liverpoo
2026-07-28 14:47:08,398 | INFO    | main         | ترجمه: We Love You Liverpool: Meet Official LFC Supporters Club... New York -
2026-07-28 14:47:33,548 | INFO    | main         | → در گروه قرار گرفت: We Love You Liverpool: Meet Official LFC Supporters Club... New York -
2026-07-28 14:47:35,549 | INFO    | main         | ترجمه: Liverpool FC Women set to compete in revamped Subway Players Cup - Liv
2026-07-28 14:47:55,873 | INFO    | main         | → در گروه قرار گرفت: Liverpool FC Women set to compete in revamped Subway Players Cup - Liv
2026-07-28 14:47:57,873 | INFO    | main         | در این سیکل 5 خبر ارسال شد
2026-07-28 14:48:22,460 | INFO    | main         | متصل شد به @lfc_test_1_bot | حالت انتشار: manual
2026-07-28 14:48:26,963 | INFO    | main         | جمع‌آوری شد: 5 آیتم
2026-07-28 14:48:26,976 | INFO    | main         | ترجمه: Live gallery: Cody Gakpo and Virgil van Dijk report for pre-season at 
2026-07-28 14:48:35,780 | INFO    | main         | → در گروه قرار گرفت: Live gallery: Cody Gakpo and Virgil van Dijk report for pre-season at 
2026-07-28 14:48:37,781 | INFO    | main         | ترجمه: Watch all of Leanne Kiernan's goals for Liverpool FC Women - Liverpool
2026-07-28 14:48:49,244 | INFO    | main         | → در گروه قرار گرفت: Watch all of Leanne Kiernan's goals for Liverpool FC Women - Liverpool
2026-07-28 14:48:51,244 | INFO    | main         | ترجمه: Leanne Kiernan completes permanent move to Newcastle United - Liverpoo
2026-07-28 14:49:05,620 | INFO    | main         | → در گروه قرار گرفت: Leanne Kiernan completes permanent move to Newcastle United - Liverpoo
2026-07-28 14:49:07,624 | INFO    | main         | ترجمه: We Love You Liverpool: Meet Official LFC Supporters Club... New York -
2026-07-28 14:49:19,526 | INFO    | main         | → در گروه قرار گرفت: We Love You Liverpool: Meet Official LFC Supporters Club... New York -
2026-07-28 14:49:21,527 | INFO    | main         | ترجمه: Liverpool FC Women set to compete in revamped Subway Players Cup - Liv
2026-07-28 14:49:30,645 | INFO    | main         | → در گروه قرار گرفت: Liverpool FC Women set to compete in revamped Subway Players Cup - Liv
2026-07-28 14:49:32,646 | INFO    | main         | در این سیکل 5 خبر ارسال شد
2026-07-29 00:14:10,011 | INFO    | src.lfc      | رد شد (podcast): Pre-season tour podcast: Interviews, previews and Liverpool 
2026-07-29 00:14:11,030 | INFO    | src.lfc      | رد شد (women): Training photos: Day two of pre-season camp for LFC Women
2026-07-29 00:14:13,701 | INFO    | src.lfc      | رد شد (watch all): Watch all of Leanne Kiernan's goals for Liverpool FC Women
2026-07-29 00:14:15,320 | INFO    | src.twitter  | توییتر: 12 حساب در 1.1s (FabrizioRomano, David_Ornstein, JamesPearceLFC, DavidLynchLFC, _pauljoyce, LFC)
2026-07-29 00:14:15,322 | INFO    | main         | جمع‌آوری شد: 10 آیتم
2026-07-29 00:14:15,344 | INFO    | main         | ترجمه: Bradley Barcola 'reaches verbal agreement' with Liverpool as blockbust
2026-07-29 00:14:20,346 | INFO    | guard        | نگهبان کانال: 17 پست اخیر خوانده شد
2026-07-29 00:14:22,368 | INFO    | main         | ترجمه: LFC Foundation hosts football clinic for families affected by cancer i
2026-07-29 00:14:32,288 | INFO    | main         | ترجمه: Interview with Milos Kerkez. 
Setting the record straight over summer 
2026-07-29 00:14:52,258 | INFO    | main         | ترجمه: Mighty Red making an appearance 
 
 Video
2026-07-29 00:15:00,378 | INFO    | main         | ترجمه: Liverpool assessed a number of wide options after missing out on Yan D
2026-07-29 00:15:08,413 | INFO    | main         | در این سیکل 5 خبر ارسال شد
2026-07-29 00:15:08,413 | INFO    | main         | سیکل تمام شد و ربات بسته شد — دکمه‌ها فقط وقتی کار می‌کنند که ربات روشن باشد: python main.py
2026-07-29 00:20:19,415 | INFO    | src.lfc      | رد شد (podcast): Pre-season tour podcast: Interviews, previews and Liverpool 
2026-07-29 00:20:20,947 | INFO    | src.lfc      | رد شد (women): Training photos: Day two of pre-season camp for LFC Women
2026-07-29 00:20:24,068 | INFO    | src.lfc      | رد شد (watch all): Watch all of Leanne Kiernan's goals for Liverpool FC Women
2026-07-29 00:20:27,800 | INFO    | src.twitter  | توییتر: 29 حساب در 2.6s (FabrizioRomano, David_Ornstein, JamesPearceLFC, DavidLynchLFC, _pauljoyce, LFC)
2026-07-29 00:20:27,801 | INFO    | src.twitter  | رد شد (توییت کوتاه/مدیا): @JamesPearceLFC — Citi Field. Come on the Mets
2026-07-29 00:20:27,801 | INFO    | src.twitter  | رد شد (توییت کوتاه/مدیا): @JamesPearceLFC — Mighty Red making an appearance  Video
2026-07-29 00:20:27,804 | INFO    | main         | جمع‌آوری شد: 10 آیتم
2026-07-29 00:20:27,825 | INFO    | main         | ترجمه: With Mohamed Salah gone and Hugo Ekitike injured, Liverpool need forwa
2026-07-29 00:20:35,743 | INFO    | guard        | نگهبان کانال: 18 پست اخیر خوانده شد
2026-07-29 00:20:37,764 | INFO    | main         | ترجمه: Thought that was a really encouraging start to Andoni Iraola's reign. 
2026-07-29 00:20:43,581 | INFO    | main         | ترجمه: 🔺 EXCLUSIVE

World Cup for sale: Gianni Infantino's plan to sell stake
2026-07-29 00:20:51,616 | INFO    | main         | در این سیکل 3 خبر ارسال شد
2026-07-29 00:20:51,616 | INFO    | main         | سیکل تمام شد و ربات بسته شد — دکمه‌ها فقط وقتی کار می‌کنند که ربات روشن باشد: python main.py
2026-07-29 00:26:00,023 | INFO    | src.lfc      | رد شد (podcast): Pre-season tour podcast: Interviews, previews and Liverpool 
2026-07-29 00:26:01,174 | INFO    | src.lfc      | رد شد (women): Training photos: Day two of pre-season camp for LFC Women
2026-07-29 00:26:02,248 | INFO    | src.lfc      | رد شد (foundation): LFC Foundation hosts football clinic for families affected b
2026-07-29 00:26:03,229 | INFO    | src.lfc      | رد شد (watch all): Watch all of Leanne Kiernan's goals for Liverpool FC Women
2026-07-29 00:26:05,023 | INFO    | src.lfc      | رد شد (supporters club): We Love You Liverpool: Meet Official LFC Supporters Club... 
2026-07-29 00:26:05,577 | INFO    | src.lfc      | رد شد (women): Liverpool FC Women set to compete in revamped Subway Players
2026-07-29 00:26:07,300 | WARNING | src.base     | GET https://nitter.net/Anfieldmedia_/rss -> 429
2026-07-29 00:26:07,404 | WARNING | src.base     | GET https://nitter.net/anfieldsociaI/rss -> 429
2026-07-29 00:26:13,785 | INFO    | src.twitter  | توییتر: 29 حساب در 8.2s (FabrizioRomano, David_Ornstein, JamesPearceLFC, DavidLynchLFC, _pauljoyce, LFC)
2026-07-29 00:26:13,786 | INFO    | src.twitter  | رد شد (توییت کوتاه/مدیا): @JamesPearceLFC — Citi Field. Come on the Mets
2026-07-29 00:26:13,786 | INFO    | src.twitter  | رد شد (توییت کوتاه/مدیا): @JamesPearceLFC — Mighty Red making an appearance  Video
2026-07-29 00:26:13,787 | INFO    | src.twitter  | رد شد (توییت کوتاه/مدیا): @LFC — First day back for Cody and Virgil ✅  Video
2026-07-29 00:26:13,789 | INFO    | main         | جمع‌آوری شد: 9 آیتم
2026-07-29 00:26:13,811 | INFO    | main         | ترجمه: John Oliver will be cheering on the Reds at Yankee Stadium tomorrow 🤩
2026-07-29 00:26:18,795 | INFO    | guard        | نگهبان کانال: 18 پست اخیر خوانده شد
2026-07-29 00:26:20,817 | INFO    | main         | ترجمه: Inside Training: Cody and Virgil are back 🙌

Watch their first day of 
2026-07-29 00:26:25,381 | INFO    | main         | هشدار کانال (100%): بازگشت کودی و ویرجیل به تمرینات پیش‌فصل 🙌
2026-07-29 00:26:27,401 | INFO    | main         | ترجمه: Cody Gakpo and Virgil van Dijk have today reported for pre-season duty
2026-07-29 00:26:30,103 | INFO    | main         | خبر مشترک با Liverpool FC
2026-07-29 00:26:32,121 | INFO    | main         | در این سیکل 3 خبر ارسال شد
2026-07-29 00:26:32,121 | INFO    | main         | سیکل تمام شد و ربات بسته شد — دکمه‌ها فقط وقتی کار می‌کنند که ربات روشن باشد: python main.py
2026-07-29 00:29:42,250 | INFO    | src.lfc      | رد شد (podcast): Pre-season tour podcast: Interviews, previews and Liverpool 
2026-07-29 00:29:43,116 | INFO    | src.lfc      | رد شد (women): Training photos: Day two of pre-season camp for LFC Women
2026-07-29 00:29:44,615 | INFO    | src.lfc      | رد شد (foundation): LFC Foundation hosts football clinic for families affected b
2026-07-29 00:29:45,560 | INFO    | src.lfc      | رد شد (watch all): Watch all of Leanne Kiernan's goals for Liverpool FC Women
2026-07-29 00:29:47,849 | INFO    | src.lfc      | رد شد (supporters club): We Love You Liverpool: Meet Official LFC Supporters Club... 
2026-07-29 00:29:48,356 | INFO    | src.lfc      | رد شد (women): Liverpool FC Women set to compete in revamped Subway Players
2026-07-29 00:29:50,554 | WARNING | src.base     | GET https://nitter.net/anfieldsociaI/rss -> 429
2026-07-29 00:29:57,479 | WARNING | src.base     | GET https://lightbrd.com/anfieldsociaI/rss -> 403
2026-07-29 00:30:06,170 | WARNING | src.base     | GET https://xcancel.com/anfieldsociaI/rss -> 400
2026-07-29 00:30:20,843 | INFO    | src.twitter  | توییتر: 29 حساب در 32.5s (FabrizioRomano, David_Ornstein, JamesPearceLFC, DavidLynchLFC, _pauljoyce, LFC)
2026-07-29 00:30:20,845 | INFO    | src.twitter  | رد شد (توییت کوتاه/مدیا): @JamesPearceLFC — Citi Field. Come on the Mets
2026-07-29 00:30:20,845 | INFO    | src.twitter  | رد شد (توییت کوتاه/مدیا): @JamesPearceLFC — Mighty Red making an appearance  Video
2026-07-29 00:30:20,846 | INFO    | src.twitter  | رد شد (توییت کوتاه/مدیا): @LFC — First day back for Cody and Virgil ✅  Video
2026-07-29 00:30:20,848 | INFO    | main         | جمع‌آوری شد: 9 آیتم
2026-07-29 00:30:20,871 | INFO    | main         | در این سیکل 0 خبر ارسال شد
2026-07-29 00:30:20,872 | INFO    | main         | سیکل تمام شد و ربات بسته شد — دکمه‌ها فقط وقتی کار می‌کنند که ربات روشن باشد: python main.py
2026-07-29 00:30:52,352 | INFO    | main         | متصل شد به @lfc_test_1_bot | حالت انتشار: manual
2026-07-29 00:30:52,352 | INFO    | main         | سرویس فعال شد — چک منابع هر 60 ثانیه
2026-07-29 00:30:53,212 | INFO    | src.lfc      | رد شد (podcast): Pre-season tour podcast: Interviews, previews and Liverpool 
2026-07-29 00:30:53,461 | INFO    | src.lfc      | رد شد (women): Training photos: Day two of pre-season camp for LFC Women
2026-07-29 00:30:53,709 | INFO    | src.lfc      | رد شد (foundation): LFC Foundation hosts football clinic for families affected b
2026-07-29 00:30:53,970 | INFO    | src.lfc      | رد شد (watch all): Watch all of Leanne Kiernan's goals for Liverpool FC Women
2026-07-29 00:30:54,220 | INFO    | src.lfc      | رد شد (supporters club): We Love You Liverpool: Meet Official LFC Supporters Club... 
2026-07-29 00:30:54,343 | INFO    | src.lfc      | رد شد (women): Liverpool FC Women set to compete in revamped Subway Players
2026-07-29 00:30:55,925 | WARNING | src.base     | GET https://nitter.net/anfieldsociaI/rss -> 429
2026-07-29 00:31:02,650 | WARNING | src.base     | GET https://lightbrd.com/anfieldsociaI/rss -> 403
2026-07-29 00:31:09,662 | WARNING | src.base     | GET https://xcancel.com/anfieldsociaI/rss -> 400
2026-07-29 00:31:20,796 | INFO    | src.twitter  | توییتر: 29 حساب در 26.5s (FabrizioRomano, David_Ornstein, JamesPearceLFC, DavidLynchLFC, _pauljoyce, LFC)
2026-07-29 00:31:20,797 | INFO    | src.twitter  | رد شد (توییت کوتاه/مدیا): @JamesPearceLFC — Citi Field. Come on the Mets
2026-07-29 00:31:20,797 | INFO    | src.twitter  | رد شد (توییت کوتاه/مدیا): @JamesPearceLFC — Mighty Red making an appearance  Video
2026-07-29 00:31:20,798 | INFO    | src.twitter  | رد شد (توییت کوتاه/مدیا): @LFC — First day back for Cody and Virgil ✅  Video
2026-07-29 00:31:20,800 | INFO    | main         | جمع‌آوری شد: 9 آیتم
2026-07-29 00:31:20,827 | INFO    | main         | در این سیکل 0 خبر ارسال شد
2026-07-29 00:31:52,613 | INFO    | src.lfc      | رد شد (podcast): Pre-season tour podcast: Interviews, previews and Liverpool 
2026-07-29 00:31:53,258 | INFO    | src.lfc      | رد شد (women): Training photos: Day two of pre-season camp for LFC Women
2026-07-29 00:31:53,512 | INFO    | src.lfc      | رد شد (foundation): LFC Foundation hosts football clinic for families affected b
2026-07-29 00:31:53,890 | INFO    | src.lfc      | رد شد (watch all): Watch all of Leanne Kiernan's goals for Liverpool FC Women
2026-07-29 00:31:54,141 | INFO    | src.lfc      | رد شد (supporters club): We Love You Liverpool: Meet Official LFC Supporters Club... 
2026-07-29 00:31:54,266 | INFO    | src.lfc      | رد شد (women): Liverpool FC Women set to compete in revamped Subway Players
2026-07-29 00:31:55,791 | INFO    | src.twitter  | توییتر: 29 حساب در 1.5s (FabrizioRomano, David_Ornstein, JamesPearceLFC, DavidLynchLFC, _pauljoyce, LFC)
2026-07-29 00:31:55,792 | INFO    | src.twitter  | رد شد (توییت کوتاه/مدیا): @JamesPearceLFC — Citi Field. Come on the Mets
2026-07-29 00:31:55,793 | INFO    | src.twitter  | رد شد (توییت کوتاه/مدیا): @JamesPearceLFC — Mighty Red making an appearance  Video
2026-07-29 00:31:55,793 | INFO    | src.twitter  | رد شد (توییت کوتاه/مدیا): @LFC — First day back for Cody and Virgil ✅  Video
2026-07-29 00:31:55,795 | INFO    | main         | جمع‌آوری شد: 9 آیتم
2026-07-29 00:31:55,796 | INFO    | main         | در این سیکل 0 خبر ارسال شد
2026-07-29 00:32:54,639 | INFO    | src.lfc      | رد شد (podcast): Pre-season tour podcast: Interviews, previews and Liverpool 
2026-07-29 00:32:55,997 | INFO    | src.lfc      | رد شد (women): Training photos: Day two of pre-season camp for LFC Women
2026-07-29 00:32:57,277 | INFO    | src.lfc      | رد شد (foundation): LFC Foundation hosts football clinic for families affected b
2026-07-29 00:32:58,199 | INFO    | src.lfc      | رد شد (watch all): Watch all of Leanne Kiernan's goals for Liverpool FC Women
2026-07-29 00:32:59,870 | INFO    | src.lfc      | رد شد (supporters club): We Love You Liverpool: Meet Official LFC Supporters Club... 
2026-07-29 00:33:00,636 | INFO    | src.lfc      | رد شد (women): Liverpool FC Women set to compete in revamped Subway Players
2026-07-29 00:33:02,486 | INFO    | src.twitter  | توییتر: 29 حساب در 1.8s (FabrizioRomano, David_Ornstein, JamesPearceLFC, DavidLynchLFC, _pauljoyce, LFC)
2026-07-29 00:33:02,488 | INFO    | src.twitter  | رد شد (توییت کوتاه/مدیا): @JamesPearceLFC — Citi Field. Come on the Mets
2026-07-29 00:33:02,488 | INFO    | src.twitter  | رد شد (توییت کوتاه/مدیا): @JamesPearceLFC — Mighty Red making an appearance  Video
2026-07-29 00:33:02,489 | INFO    | src.twitter  | رد شد (توییت کوتاه/مدیا): @LFC — First day back for Cody and Virgil ✅  Video
2026-07-29 00:33:02,490 | INFO    | main         | جمع‌آوری شد: 9 آیتم
2026-07-29 00:33:02,491 | INFO    | main         | در این سیکل 0 خبر ارسال شد
2026-07-29 00:33:18,849 | INFO    | main         | خاموش شد.
2026-07-29 00:34:30,749 | INFO    | src.lfc      | رد شد (podcast): Pre-season tour podcast: Interviews, previews and Liverpool 
2026-07-29 00:34:31,058 | INFO    | src.lfc      | رد شد (women): Training photos: Day two of pre-season camp for LFC Women
2026-07-29 00:34:31,363 | INFO    | src.lfc      | رد شد (foundation): LFC Foundation hosts football clinic for families affected b
2026-07-29 00:34:31,852 | INFO    | src.lfc      | رد شد (watch all): Watch all of Leanne Kiernan's goals for Liverpool FC Women
2026-07-29 00:34:32,456 | INFO    | src.lfc      | رد شد (supporters club): We Love You Liverpool: Meet Official LFC Supporters Club... 
2026-07-29 00:34:32,765 | INFO    | src.lfc      | رد شد (women): Liverpool FC Women set to compete in revamped Subway Players
2026-07-29 00:34:34,110 | INFO    | src.twitter  | توییتر: 29 حساب در 1.3s (FabrizioRomano, David_Ornstein, JamesPearceLFC, DavidLynchLFC, _pauljoyce, LFC)
2026-07-29 00:34:34,111 | INFO    | src.twitter  | رد شد (توییت کوتاه/مدیا): @JamesPearceLFC — Citi Field. Come on the Mets
2026-07-29 00:34:34,112 | INFO    | src.twitter  | رد شد (توییت کوتاه/مدیا): @JamesPearceLFC — Mighty Red making an appearance  Video
2026-07-29 00:34:34,112 | INFO    | src.twitter  | رد شد (توییت کوتاه/مدیا): @LFC — First day back for Cody and Virgil ✅  Video
2026-07-29 00:34:34,114 | INFO    | main         | جمع‌آوری شد: 9 آیتم
2026-07-29 00:34:34,136 | INFO    | main         | در این سیکل 0 خبر ارسال شد
2026-07-29 00:34:34,137 | INFO    | main         | سیکل تمام شد و ربات بسته شد — دکمه‌ها فقط وقتی کار می‌کنند که ربات روشن باشد: python main.py
2026-07-29 00:35:14,592 | INFO    | src.lfc      | رد شد (podcast): Pre-season tour podcast: Interviews, previews and Liverpool 
2026-07-29 00:35:14,998 | INFO    | src.lfc      | رد شد (women): Training photos: Day two of pre-season camp for LFC Women
2026-07-29 00:35:15,278 | INFO    | src.lfc      | رد شد (foundation): LFC Foundation hosts football clinic for families affected b
2026-07-29 00:35:15,578 | INFO    | src.lfc      | رد شد (watch all): Watch all of Leanne Kiernan's goals for Liverpool FC Women
2026-07-29 00:35:15,865 | INFO    | src.lfc      | رد شد (supporters club): We Love You Liverpool: Meet Official LFC Supporters Club... 
2026-07-29 00:35:16,007 | INFO    | src.lfc      | رد شد (women): Liverpool FC Women set to compete in revamped Subway Players
2026-07-29 00:35:17,172 | INFO    | src.twitter  | توییتر: 29 حساب در 1.2s (FabrizioRomano, David_Ornstein, JamesPearceLFC, DavidLynchLFC, _pauljoyce, LFC)
2026-07-29 00:35:17,173 | INFO    | src.twitter  | رد شد (توییت کوتاه/مدیا): @JamesPearceLFC — Citi Field. Come on the Mets
2026-07-29 00:35:17,173 | INFO    | src.twitter  | رد شد (توییت کوتاه/مدیا): @JamesPearceLFC — Mighty Red making an appearance  Video
2026-07-29 00:35:17,174 | INFO    | src.twitter  | رد شد (توییت کوتاه/مدیا): @LFC — First day back for Cody and Virgil ✅  Video
2026-07-29 00:35:17,176 | INFO    | main         | جمع‌آوری شد: 9 آیتم
2026-07-29 00:35:17,176 | INFO    | main         | ترجمه: Inside Training: Pre-season day one for Cody Gakpo and Virgil van Dijk
2026-07-29 00:35:24,551 | INFO    | guard        | نگهبان کانال: 18 پست اخیر خوانده شد
2026-07-29 00:35:26,591 | INFO    | main         | ترجمه: Bradley Barcola 'reaches verbal agreement' with Liverpool as blockbust
2026-07-29 00:35:40,354 | INFO    | main         | هشدار کانال (90%): توافق اولیه لیورپول با بردلی بارکولا
2026-07-29 00:35:42,373 | INFO    | main         | ترجمه: Photos: Cody Gakpo and Virgil van Dijk begin pre-season at AXA Trainin
2026-07-29 00:35:45,196 | INFO    | main         | هشدار کانال (83%): بازگشت خاکپو و فن‌دایک به تمرینات پیش‌فصل در آکسا
2026-07-29 00:35:47,216 | INFO    | main         | ترجمه: Leanne Kiernan completes permanent move to Newcastle United
2026-07-29 00:35:54,713 | INFO    | main         | ترجمه: Interview with Milos Kerkez.
Setting the record straight over summer w
2026-07-29 00:36:23,674 | INFO    | main         | در این سیکل 5 خبر ارسال شد
2026-07-29 00:36:23,674 | INFO    | main         | سیکل تمام شد و ربات بسته شد — دکمه‌ها فقط وقتی کار می‌کنند که ربات روشن باشد: python main.py
2026-07-29 00:41:32,466 | INFO    | src.lfc      | رد شد (podcast): Pre-season tour podcast: Interviews, previews and Liverpool 
2026-07-29 00:41:33,331 | INFO    | src.lfc      | رد شد (photos:): Training photos: Day two of pre-season camp for LFC Women
2026-07-29 00:41:33,822 | INFO    | src.lfc      | رد شد (foundation): LFC Foundation hosts football clinic for families affected b
2026-07-29 00:41:33,959 | INFO    | src.lfc      | رد شد (photos:): Photos: Cody Gakpo and Virgil van Dijk begin pre-season at A
2026-07-29 00:41:35,007 | INFO    | src.lfc      | رد شد (watch all): Watch all of Leanne Kiernan's goals for Liverpool FC Women
2026-07-29 00:41:35,139 | INFO    | src.lfc      | رد شد (women): Leanne Kiernan completes permanent move to Newcastle United
2026-07-29 00:41:35,587 | INFO    | src.lfc      | رد شد (supporters club): We Love You Liverpool: Meet Official LFC Supporters Club... 
2026-07-29 00:41:36,029 | INFO    | src.lfc      | رد شد (women): Liverpool FC Women set to compete in revamped Subway Players
2026-07-29 00:41:37,325 | WARNING | src.base     | GET https://nitter.net/DavidLynchLFC/rss -> 429
2026-07-29 00:41:44,935 | WARNING | src.base     | GET https://lightbrd.com/DavidLynchLFC/rss -> 403
2026-07-29 00:41:45,934 | WARNING | src.base     | GET https://xcancel.com/DavidLynchLFC/rss -> 400
2026-07-29 00:41:56,828 | INFO    | src.twitter  | @DavidLynchLFC جواب نداد — 30 دقیقه کنار گذاشته شد
2026-07-29 00:41:56,829 | INFO    | src.twitter  | توییتر: 29 حساب در 20.8s (FabrizioRomano, David_Ornstein, JamesPearceLFC, DavidLynchLFC, _pauljoyce, LFC)
2026-07-29 00:41:56,830 | INFO    | src.twitter  | رد شد (توییت کوتاه/مدیا): @JamesPearceLFC — Citi Field. Come on the Mets
2026-07-29 00:41:56,831 | INFO    | src.twitter  | رد شد (توییت کوتاه/مدیا): @JamesPearceLFC — Mighty Red making an appearance  Video
2026-07-29 00:41:56,831 | INFO    | src.twitter  | رد شد (توییت کوتاه/مدیا): @LFC — First day back for Cody and Virgil ✅  Video
2026-07-29 00:41:56,833 | INFO    | main         | جمع‌آوری شد: 7 آیتم
2026-07-29 00:41:56,834 | INFO    | main         | ترجمه: John Oliver will be cheering on the Reds at Yankee Stadium tomorrow 🤩
2026-07-29 00:42:03,134 | INFO    | guard        | نگهبان کانال: 18 پست اخیر خوانده شد
2026-07-29 00:42:05,173 | INFO    | main         | ترجمه: Inside Training: Cody and Virgil are back 🙌

Watch their first day of 
2026-07-29 00:42:12,726 | INFO    | main         | ترجمه: Cody Gakpo and Virgil van Dijk have today reported for pre-season duty
2026-07-29 00:42:15,488 | INFO    | main         | خبر مشترک با Liverpool FC
2026-07-29 00:42:17,505 | INFO    | main         | ترجمه: "Everyone knows what type of football he plays so I think he is the pe
2026-07-29 00:42:29,252 | INFO    | main         | در این سیکل 4 خبر ارسال شد
2026-07-29 00:42:29,252 | INFO    | main         | سیکل تمام شد و ربات بسته شد — دکمه‌ها فقط وقتی کار می‌کنند که ربات روشن باشد: python main.py
2026-07-29 00:43:12,006 | INFO    | src.lfc      | رد شد (podcast): Pre-season tour podcast: Interviews, previews and Liverpool 
2026-07-29 00:43:12,551 | INFO    | src.lfc      | رد شد (photos:): Training photos: Day two of pre-season camp for LFC Women
2026-07-29 00:43:13,624 | INFO    | src.lfc      | رد شد (foundation): LFC Foundation hosts football clinic for families affected b
2026-07-29 00:43:14,450 | INFO    | src.lfc      | رد شد (photos:): Photos: Cody Gakpo and Virgil van Dijk begin pre-season at A
2026-07-29 00:43:14,601 | INFO    | src.lfc      | رد شد (watch all): Watch all of Leanne Kiernan's goals for Liverpool FC Women
2026-07-29 00:43:15,038 | INFO    | src.lfc      | رد شد (women): Leanne Kiernan completes permanent move to Newcastle United
2026-07-29 00:43:15,192 | INFO    | src.lfc      | رد شد (supporters club): We Love You Liverpool: Meet Official LFC Supporters Club... 
2026-07-29 00:43:15,339 | INFO    | src.lfc      | رد شد (women): Liverpool FC Women set to compete in revamped Subway Players
2026-07-29 00:43:16,483 | WARNING | src.base     | GET https://nitter.net/DavidLynchLFC/rss -> 429
2026-07-29 00:43:22,206 | INFO    | src.twitter  | توییتر: 29 حساب در 6.9s (FabrizioRomano, David_Ornstein, JamesPearceLFC, DavidLynchLFC, _pauljoyce, LFC)
2026-07-29 00:43:22,208 | INFO    | src.twitter  | رد شد (توییت کوتاه/مدیا): @JamesPearceLFC — Citi Field. Come on the Mets
2026-07-29 00:43:22,208 | INFO    | src.twitter  | رد شد (توییت کوتاه/مدیا): @JamesPearceLFC — Mighty Red making an appearance  Video
2026-07-29 00:43:22,209 | INFO    | src.twitter  | رد شد (توییت کوتاه/مدیا): @LFC — First day back for Cody and Virgil ✅  Video
2026-07-29 00:43:22,211 | INFO    | main         | جمع‌آوری شد: 7 آیتم
2026-07-29 00:43:22,211 | INFO    | main         | ترجمه: Inside Training: Pre-season day one for Cody Gakpo and Virgil van Dijk
2026-07-29 00:43:29,270 | INFO    | guard        | نگهبان کانال: 18 پست اخیر خوانده شد
2026-07-29 00:43:31,312 | INFO    | main         | ترجمه: Bradley Barcola 'reaches verbal agreement' with Liverpool as blockbust
2026-07-29 00:43:58,417 | INFO    | main         | هشدار کانال (90%): توافق اولیه لیورپول با بردلی بارکولا
2026-07-29 00:44:00,434 | INFO    | main         | ترجمه: Interview with Milos Kerkez.
Setting the record straight over summer w
2026-07-29 00:44:13,327 | INFO    | main         | ترجمه: John Oliver will be cheering on the Reds at Yankee Stadium tomorrow 🤩
2026-07-29 00:44:22,327 | INFO    | main         | ترجمه: Inside Training: Cody and Virgil are back 🙌

Watch their first day of 
2026-07-29 00:44:26,932 | INFO    | main         | هشدار کانال (100%): بازگشت کودی و ویرجیل به تمرینات پیش‌فصل
2026-07-29 00:44:28,949 | INFO    | main         | در این سیکل 5 خبر ارسال شد
2026-07-29 00:44:28,949 | INFO    | main         | سیکل تمام شد و ربات بسته شد — دکمه‌ها فقط وقتی کار می‌کنند که ربات روشن باشد: python main.py
2026-07-29 00:46:41,480 | INFO    | main         | متصل شد به @lfc_test_1_bot | حالت انتشار: manual
2026-07-29 00:46:41,481 | INFO    | main         | سرویس فعال شد — چک منابع هر 60 ثانیه
2026-07-29 00:46:43,117 | INFO    | src.lfc      | رد شد (podcast): Pre-season tour podcast: Interviews, previews and Liverpool 
2026-07-29 00:46:43,989 | INFO    | src.lfc      | رد شد (photos:): Training photos: Day two of pre-season camp for LFC Women
2026-07-29 00:46:44,909 | INFO    | src.lfc      | رد شد (foundation): LFC Foundation hosts football clinic for families affected b
2026-07-29 00:46:45,500 | INFO    | src.lfc      | رد شد (photos:): Photos: Cody Gakpo and Virgil van Dijk begin pre-season at A
2026-07-29 00:46:45,900 | INFO    | src.lfc      | رد شد (watch all): Watch all of Leanne Kiernan's goals for Liverpool FC Women
2026-07-29 00:46:46,277 | INFO    | src.lfc      | رد شد (women): Leanne Kiernan completes permanent move to Newcastle United
2026-07-29 00:46:46,684 | INFO    | src.lfc      | رد شد (supporters club): We Love You Liverpool: Meet Official LFC Supporters Club... 
2026-07-29 00:46:47,043 | INFO    | src.lfc      | رد شد (women): Liverpool FC Women set to compete in revamped Subway Players
2026-07-29 00:46:49,464 | WARNING | src.base     | GET https://nitter.net/SajadIqballfc/rss -> 429
2026-07-29 00:46:55,651 | WARNING | src.base     | GET https://lightbrd.com/SajadIqballfc/rss -> 403
2026-07-29 00:47:00,265 | WARNING | src.base     | GET https://xcancel.com/SajadIqballfc/rss -> 400
2026-07-29 00:47:21,297 | INFO    | src.twitter  | @SajadIqballfc جواب نداد — 30 دقیقه کنار گذاشته شد
2026-07-29 00:47:21,298 | INFO    | src.twitter  | توییتر: 29 حساب در 34.3s (FabrizioRomano, David_Ornstein, JamesPearceLFC, DavidLynchLFC, _pauljoyce, LFC)
2026-07-29 00:47:21,299 | INFO    | src.twitter  | رد شد (توییت کوتاه/مدیا): @JamesPearceLFC — Citi Field. Come on the Mets
2026-07-29 00:47:21,299 | INFO    | src.twitter  | رد شد (توییت کوتاه/مدیا): @JamesPearceLFC — Mighty Red making an appearance  Video
2026-07-29 00:47:21,300 | INFO    | src.twitter  | رد شد (توییت کوتاه/مدیا): @LFC — First day back for Cody and Virgil ✅  Video
2026-07-29 00:47:21,301 | INFO    | main         | جمع‌آوری شد: 7 آیتم
2026-07-29 00:47:21,302 | INFO    | main         | ترجمه: Liverpool assessed a number of wide options after missing out on Yan D
2026-07-29 00:47:28,930 | INFO    | guard        | نگهبان کانال: 18 پست اخیر خوانده شد
2026-07-29 00:47:30,119 | INFO    | main         | → در گروه قرار گرفت: Liverpool assessed a number of wide options after missing out on Yan D
2026-07-29 00:47:32,120 | INFO    | main         | ترجمه: Cody Gakpo and Virgil van Dijk have today reported for pre-season duty
2026-07-29 00:47:38,181 | INFO    | main         | خبر مشترک با Liverpool FC
2026-07-29 00:47:39,127 | INFO    | main         | → در گروه قرار گرفت: Cody Gakpo and Virgil van Dijk have today reported for pre-season duty
2026-07-29 00:47:41,128 | INFO    | main         | در این سیکل 2 خبر ارسال شد
2026-07-29 00:47:46,373 | INFO    | src.lfc      | رد شد (podcast): Pre-season tour podcast: Interviews, previews and Liverpool 
2026-07-29 00:47:46,621 | INFO    | src.lfc      | رد شد (photos:): Training photos: Day two of pre-season camp for LFC Women
2026-07-29 00:47:46,877 | INFO    | src.lfc      | رد شد (foundation): LFC Foundation hosts football clinic for families affected b
2026-07-29 00:47:47,144 | INFO    | src.lfc      | رد شد (photos:): Photos: Cody Gakpo and Virgil van Dijk begin pre-season at A
2026-07-29 00:47:47,273 | INFO    | src.lfc      | رد شد (watch all): Watch all of Leanne Kiernan's goals for Liverpool FC Women
2026-07-29 00:47:47,394 | INFO    | src.lfc      | رد شد (women): Leanne Kiernan completes permanent move to Newcastle United
2026-07-29 00:47:47,521 | INFO    | src.lfc      | رد شد (supporters club): We Love You Liverpool: Meet Official LFC Supporters Club... 
2026-07-29 00:47:47,648 | INFO    | src.lfc      | رد شد (women): Liverpool FC Women set to compete in revamped Subway Players
2026-07-29 00:47:48,775 | WARNING | src.base     | GET https://nitter.net/SajadIqballfc/rss -> 429
2026-07-29 00:47:54,551 | INFO    | src.twitter  | توییتر: 29 حساب در 6.9s (FabrizioRomano, David_Ornstein, JamesPearceLFC, DavidLynchLFC, _pauljoyce, LFC)
2026-07-29 00:47:54,552 | INFO    | src.twitter  | رد شد (توییت کوتاه/مدیا): @JamesPearceLFC — Citi Field. Come on the Mets
2026-07-29 00:47:54,552 | INFO    | src.twitter  | رد شد (توییت کوتاه/مدیا): @JamesPearceLFC — Mighty Red making an appearance  Video
2026-07-29 00:47:54,553 | INFO    | src.twitter  | رد شد (توییت کوتاه/مدیا): @LFC — First day back for Cody and Virgil ✅  Video
2026-07-29 00:47:54,554 | INFO    | main         | جمع‌آوری شد: 7 آیتم
2026-07-29 00:47:54,555 | INFO    | main         | در این سیکل 0 خبر ارسال شد
2026-07-29 00:48:46,509 | INFO    | src.lfc      | رد شد (podcast): Pre-season tour podcast: Interviews, previews and Liverpool 
2026-07-29 00:48:46,767 | INFO    | src.lfc      | رد شد (photos:): Training photos: Day two of pre-season camp for LFC Women
2026-07-29 00:48:47,037 | INFO    | src.lfc      | رد شد (foundation): LFC Foundation hosts football clinic for families affected b
2026-07-29 00:48:47,161 | INFO    | src.lfc      | رد شد (photos:): Photos: Cody Gakpo and Virgil van Dijk begin pre-season at A
2026-07-29 00:48:47,278 | INFO    | src.lfc      | رد شد (watch all): Watch all of Leanne Kiernan's goals for Liverpool FC Women
2026-07-29 00:48:47,402 | INFO    | src.lfc      | رد شد (women): Leanne Kiernan completes permanent move to Newcastle United
2026-07-29 00:48:47,527 | INFO    | src.lfc      | رد شد (supporters club): We Love You Liverpool: Meet Official LFC Supporters Club... 
2026-07-29 00:48:47,648 | INFO    | src.lfc      | رد شد (women): Liverpool FC Women set to compete in revamped Subway Players
2026-07-29 00:48:48,728 | WARNING | src.base     | GET https://nitter.net/SajadIqballfc/rss -> 429
2026-07-29 00:48:55,240 | INFO    | src.twitter  | توییتر: 29 حساب در 7.6s (FabrizioRomano, David_Ornstein, JamesPearceLFC, DavidLynchLFC, _pauljoyce, LFC)
2026-07-29 00:48:55,241 | INFO    | src.twitter  | رد شد (توییت کوتاه/مدیا): @JamesPearceLFC — Citi Field. Come on the Mets
2026-07-29 00:48:55,241 | INFO    | src.twitter  | رد شد (توییت کوتاه/مدیا): @JamesPearceLFC — Mighty Red making an appearance  Video
2026-07-29 00:48:55,243 | INFO    | src.twitter  | رد شد (توییت کوتاه/مدیا): @LFC — First day back for Cody and Virgil ✅  Video
2026-07-29 00:48:55,244 | INFO    | main         | جمع‌آوری شد: 7 آیتم
2026-07-29 00:48:55,244 | INFO    | main         | در این سیکل 0 خبر ارسال شد
2026-07-29 00:49:48,492 | INFO    | src.lfc      | رد شد (podcast): Pre-season tour podcast: Interviews, previews and Liverpool 
2026-07-29 00:49:51,574 | INFO    | src.lfc      | رد شد (photos:): Training photos: Day two of pre-season camp for LFC Women
2026-07-29 00:49:53,197 | INFO    | src.lfc      | رد شد (foundation): LFC Foundation hosts football clinic for families affected b
2026-07-29 00:49:53,987 | INFO    | src.lfc      | رد شد (photos:): Photos: Cody Gakpo and Virgil van Dijk begin pre-season at A
2026-07-29 00:49:54,612 | INFO    | src.lfc      | رد شد (watch all): Watch all of Leanne Kiernan's goals for Liverpool FC Women
2026-07-29 00:49:55,277 | INFO    | src.lfc      | رد شد (women): Leanne Kiernan completes permanent move to Newcastle United
2026-07-29 00:49:56,057 | INFO    | src.lfc      | رد شد (supporters club): We Love You Liverpool: Meet Official LFC Supporters Club... 
2026-07-29 00:49:57,357 | INFO    | src.lfc      | رد شد (women): Liverpool FC Women set to compete in revamped Subway Players
2026-07-29 00:49:58,028 | INFO    | src.twitter  | توییتر: 29 حساب در 0.7s (FabrizioRomano, David_Ornstein, JamesPearceLFC, DavidLynchLFC, _pauljoyce, LFC)
2026-07-29 00:49:58,029 | INFO    | src.twitter  | رد شد (توییت کوتاه/مدیا): @JamesPearceLFC — Citi Field. Come on the Mets
2026-07-29 00:49:58,029 | INFO    | src.twitter  | رد شد (توییت کوتاه/مدیا): @JamesPearceLFC — Mighty Red making an appearance  Video
2026-07-29 00:49:58,030 | INFO    | src.twitter  | رد شد (توییت کوتاه/مدیا): @LFC — First day back for Cody and Virgil ✅  Video
2026-07-29 00:49:58,032 | INFO    | main         | جمع‌آوری شد: 7 آیتم
2026-07-29 00:49:58,033 | INFO    | main         | در این سیکل 0 خبر ارسال شد
2026-07-29 00:50:46,779 | INFO    | src.lfc      | رد شد (podcast): Pre-season tour podcast: Interviews, previews and Liverpool 
2026-07-29 00:50:47,291 | INFO    | src.lfc      | رد شد (photos:): Training photos: Day two of pre-season camp for LFC Women
2026-07-29 00:50:47,729 | INFO    | src.lfc      | رد شد (foundation): LFC Foundation hosts football clinic for families affected b
2026-07-29 00:50:47,988 | INFO    | src.lfc      | رد شد (photos:): Photos: Cody Gakpo and Virgil van Dijk begin pre-season at A
2026-07-29 00:50:48,215 | INFO    | src.lfc      | رد شد (watch all): Watch all of Leanne Kiernan's goals for Liverpool FC Women
2026-07-29 00:50:48,449 | INFO    | src.lfc      | رد شد (women): Leanne Kiernan completes permanent move to Newcastle United
2026-07-29 00:50:48,702 | INFO    | src.lfc      | رد شد (supporters club): We Love You Liverpool: Meet Official LFC Supporters Club... 
2026-07-29 00:50:48,932 | INFO    | src.lfc      | رد شد (women): Liverpool FC Women set to compete in revamped Subway Players
2026-07-29 00:50:50,837 | INFO    | src.twitter  | توییتر: 29 حساب در 1.9s (FabrizioRomano, David_Ornstein, JamesPearceLFC, DavidLynchLFC, _pauljoyce, LFC)
2026-07-29 00:50:50,837 | INFO    | src.twitter  | رد شد (توییت کوتاه/مدیا): @JamesPearceLFC — Citi Field. Come on the Mets
2026-07-29 00:50:50,838 | INFO    | src.twitter  | رد شد (توییت کوتاه/مدیا): @JamesPearceLFC — Mighty Red making an appearance  Video
2026-07-29 00:50:50,838 | INFO    | src.twitter  | رد شد (توییت کوتاه/مدیا): @LFC — First day back for Cody and Virgil ✅  Video
2026-07-29 00:50:50,840 | INFO    | main         | جمع‌آوری شد: 7 آیتم
2026-07-29 00:50:50,841 | INFO    | main         | در این سیکل 0 خبر ارسال شد
2026-07-29 00:51:46,889 | INFO    | src.lfc      | رد شد (podcast): Pre-season tour podcast: Interviews, previews and Liverpool 
2026-07-29 00:51:47,462 | INFO    | src.lfc      | رد شد (photos:): Training photos: Day two of pre-season camp for LFC Women
2026-07-29 00:51:48,039 | INFO    | src.lfc      | رد شد (foundation): LFC Foundation hosts football clinic for families affected b
2026-07-29 00:51:48,418 | INFO    | src.lfc      | رد شد (photos:): Photos: Cody Gakpo and Virgil van Dijk begin pre-season at A
2026-07-29 00:51:48,616 | INFO    | src.lfc      | رد شد (watch all): Watch all of Leanne Kiernan's goals for Liverpool FC Women
2026-07-29 00:51:48,964 | INFO    | src.lfc      | رد شد (women): Leanne Kiernan completes permanent move to Newcastle United
2026-07-29 00:51:49,203 | INFO    | src.lfc      | رد شد (supporters club): We Love You Liverpool: Meet Official LFC Supporters Club... 
2026-07-29 00:51:49,554 | INFO    | src.lfc      | رد شد (women): Liverpool FC Women set to compete in revamped Subway Players
2026-07-29 00:51:50,453 | INFO    | src.twitter  | توییتر: 29 حساب در 0.9s (FabrizioRomano, David_Ornstein, JamesPearceLFC, DavidLynchLFC, _pauljoyce, LFC)
2026-07-29 00:51:50,454 | INFO    | src.twitter  | رد شد (توییت کوتاه/مدیا): @JamesPearceLFC — Citi Field. Come on the Mets
2026-07-29 00:51:50,454 | INFO    | src.twitter  | رد شد (توییت کوتاه/مدیا): @JamesPearceLFC — Mighty Red making an appearance  Video
2026-07-29 00:51:50,455 | INFO    | src.twitter  | رد شد (توییت کوتاه/مدیا): @LFC — First day back for Cody and Virgil ✅  Video
2026-07-29 00:51:50,457 | INFO    | main         | جمع‌آوری شد: 7 آیتم
2026-07-29 00:51:50,457 | INFO    | main         | در این سیکل 0 خبر ارسال شد
2026-07-29 00:52:47,502 | INFO    | src.lfc      | رد شد (podcast): Pre-season tour podcast: Interviews, previews and Liverpool 
2026-07-29 00:52:47,943 | INFO    | src.lfc      | رد شد (photos:): Training photos: Day two of pre-season camp for LFC Women
2026-07-29 00:52:48,346 | INFO    | src.lfc      | رد شد (foundation): LFC Foundation hosts football clinic for families affected b
2026-07-29 00:52:48,578 | INFO    | src.lfc      | رد شد (photos:): Photos: Cody Gakpo and Virgil van Dijk begin pre-season at A
2026-07-29 00:52:48,789 | INFO    | src.lfc      | رد شد (watch all): Watch all of Leanne Kiernan's goals for Liverpool FC Women
2026-07-29 00:52:49,009 | INFO    | src.lfc      | رد شد (women): Leanne Kiernan completes permanent move to Newcastle United
2026-07-29 00:52:49,258 | INFO    | src.lfc      | رد شد (supporters club): We Love You Liverpool: Meet Official LFC Supporters Club... 
2026-07-29 00:52:49,469 | INFO    | src.lfc      | رد شد (women): Liverpool FC Women set to compete in revamped Subway Players
2026-07-29 00:52:50,227 | INFO    | src.twitter  | توییتر: 29 حساب در 0.8s (FabrizioRomano, David_Ornstein, JamesPearceLFC, DavidLynchLFC, _pauljoyce, LFC)
2026-07-29 00:52:50,228 | INFO    | src.twitter  | رد شد (توییت کوتاه/مدیا): @JamesPearceLFC — Citi Field. Come on the Mets
2026-07-29 00:52:50,229 | INFO    | src.twitter  | رد شد (توییت کوتاه/مدیا): @JamesPearceLFC — Mighty Red making an appearance  Video
2026-07-29 00:52:50,229 | INFO    | src.twitter  | رد شد (توییت کوتاه/مدیا): @LFC — First day back for Cody and Virgil ✅  Video
2026-07-29 00:52:50,232 | INFO    | main         | جمع‌آوری شد: 7 آیتم
2026-07-29 00:52:50,232 | INFO    | main         | در این سیکل 0 خبر ارسال شد
2026-07-29 00:53:47,294 | INFO    | src.lfc      | رد شد (podcast): Pre-season tour podcast: Interviews, previews and Liverpool 
2026-07-29 00:53:49,048 | INFO    | src.lfc      | رد شد (photos:): Training photos: Day two of pre-season camp for LFC Women
2026-07-29 00:53:50,143 | INFO    | src.lfc      | رد شد (foundation): LFC Foundation hosts football clinic for families affected b
2026-07-29 00:53:50,670 | INFO    | src.lfc      | رد شد (photos:): Photos: Cody Gakpo and Virgil van Dijk begin pre-season at A
2026-07-29 00:53:51,170 | INFO    | src.lfc      | رد شد (watch all): Watch all of Leanne Kiernan's goals for Liverpool FC Women
2026-07-29 00:53:52,359 | INFO    | src.lfc      | رد شد (women): Leanne Kiernan completes permanent move to Newcastle United
2026-07-29 00:53:52,893 | INFO    | src.lfc      | رد شد (supporters club): We Love You Liverpool: Meet Official LFC Supporters Club... 
2026-07-29 00:53:53,336 | INFO    | src.lfc      | رد شد (women): Liverpool FC Women set to compete in revamped Subway Players
2026-07-29 00:53:54,028 | INFO    | src.twitter  | توییتر: 29 حساب در 0.7s (FabrizioRomano, David_Ornstein, JamesPearceLFC, DavidLynchLFC, _pauljoyce, LFC)
2026-07-29 00:53:54,029 | INFO    | src.twitter  | رد شد (توییت کوتاه/مدیا): @JamesPearceLFC — Citi Field. Come on the Mets
2026-07-29 00:53:54,029 | INFO    | src.twitter  | رد شد (توییت کوتاه/مدیا): @JamesPearceLFC — Mighty Red making an appearance  Video
2026-07-29 00:53:54,030 | INFO    | src.twitter  | رد شد (توییت کوتاه/مدیا): @LFC — First day back for Cody and Virgil ✅  Video
2026-07-29 00:53:54,032 | INFO    | main         | جمع‌آوری شد: 7 آیتم
2026-07-29 00:53:54,033 | INFO    | main         | در این سیکل 0 خبر ارسال شد
2026-07-29 00:54:47,187 | INFO    | src.lfc      | رد شد (podcast): Pre-season tour podcast: Interviews, previews and Liverpool 
2026-07-29 00:54:48,122 | INFO    | src.lfc      | رد شد (photos:): Training photos: Day two of pre-season camp for LFC Women
2026-07-29 00:54:48,785 | INFO    | src.lfc      | رد شد (foundation): LFC Foundation hosts football clinic for families affected b
2026-07-29 00:54:49,198 | INFO    | src.lfc      | رد شد (photos:): Photos: Cody Gakpo and Virgil van Dijk begin pre-season at A
2026-07-29 00:54:49,593 | INFO    | src.lfc      | رد شد (watch all): Watch all of Leanne Kiernan's goals for Liverpool FC Women
2026-07-29 00:54:49,975 | INFO    | src.lfc      | رد شد (women): Leanne Kiernan completes permanent move to Newcastle United
2026-07-29 00:54:50,324 | INFO    | src.lfc      | رد شد (supporters club): We Love You Liverpool: Meet Official LFC Supporters Club... 
2026-07-29 00:54:50,580 | INFO    | src.lfc      | رد شد (women): Liverpool FC Women set to compete in revamped Subway Players
2026-07-29 00:54:52,121 | INFO    | src.twitter  | توییتر: 29 حساب در 1.5s (FabrizioRomano, David_Ornstein, JamesPearceLFC, DavidLynchLFC, _pauljoyce, LFC)
2026-07-29 00:54:52,123 | INFO    | src.twitter  | رد شد (توییت کوتاه/مدیا): @JamesPearceLFC — Citi Field. Come on the Mets
2026-07-29 00:54:52,123 | INFO    | src.twitter  | رد شد (توییت کوتاه/مدیا): @JamesPearceLFC — Mighty Red making an appearance  Video
2026-07-29 00:54:52,124 | INFO    | src.twitter  | رد شد (توییت کوتاه/مدیا): @LFC — First day back for Cody and Virgil ✅  Video
2026-07-29 00:54:52,126 | INFO    | main         | جمع‌آوری شد: 7 آیتم
2026-07-29 00:54:52,126 | INFO    | main         | در این سیکل 0 خبر ارسال شد
2026-07-29 00:55:56,986 | INFO    | main         | متصل شد به @lfc_test_1_bot | حالت انتشار: manual
2026-07-29 00:55:56,986 | INFO    | main         | سرویس فعال شد — چک منابع هر 60 ثانیه
2026-07-29 00:55:58,158 | INFO    | src.lfc      | رد شد (podcast): Pre-season tour podcast: Interviews, previews and Liverpool 
2026-07-29 00:55:58,471 | INFO    | src.lfc      | رد شد (photos:): Training photos: Day two of pre-season camp for LFC Women
2026-07-29 00:55:58,784 | INFO    | src.lfc      | رد شد (foundation): LFC Foundation hosts football clinic for families affected b
2026-07-29 00:55:58,968 | INFO    | src.lfc      | رد شد (photos:): Photos: Cody Gakpo and Virgil van Dijk begin pre-season at A
2026-07-29 00:55:59,131 | INFO    | src.lfc      | رد شد (watch all): Watch all of Leanne Kiernan's goals for Liverpool FC Women
2026-07-29 00:55:59,285 | INFO    | src.lfc      | رد شد (women): Leanne Kiernan completes permanent move to Newcastle United
2026-07-29 00:55:59,447 | INFO    | src.lfc      | رد شد (supporters club): We Love You Liverpool: Meet Official LFC Supporters Club... 
2026-07-29 00:55:59,601 | INFO    | src.lfc      | رد شد (women): Liverpool FC Women set to compete in revamped Subway Players
2026-07-29 00:56:01,059 | INFO    | src.twitter  | توییتر: 29 حساب در 1.5s (FabrizioRomano, David_Ornstein, JamesPearceLFC, DavidLynchLFC, _pauljoyce, LFC)
2026-07-29 00:56:01,061 | INFO    | src.twitter  | رد شد (توییت کوتاه/مدیا): @JamesPearceLFC — Citi Field. Come on the Mets
2026-07-29 00:56:01,061 | INFO    | src.twitter  | رد شد (توییت کوتاه/مدیا): @JamesPearceLFC — Mighty Red making an appearance  Video
2026-07-29 00:56:01,062 | INFO    | src.twitter  | رد شد (توییت کوتاه/مدیا): @LFC — First day back for Cody and Virgil ✅  Video
2026-07-29 00:56:01,063 | INFO    | main         | جمع‌آوری شد: 7 آیتم
2026-07-29 00:56:01,064 | INFO    | main         | ترجمه: Inside Training: Pre-season day one for Cody Gakpo and Virgil van Dijk
2026-07-29 00:56:22,488 | INFO    | guard        | نگهبان کانال: 18 پست اخیر خوانده شد
2026-07-29 00:56:23,142 | ERROR   | telegram     | telegram sendPhoto failed: 400 — Bad Request: group chat was upgraded to a supergroup chat
2026-07-29 00:56:23,142 | INFO    | telegram     | تلگرام نتوانست عکس را خودش بگیرد — دانلود و آپلود دستی…
2026-07-29 00:56:25,842 | ERROR   | telegram     | telegram upload_photo failed: Bad Request: group chat was upgraded to a supergroup chat
2026-07-29 00:56:25,843 | WARNING | telegram     | ارسال با عکس نشد (Bad Request: group chat was upgraded to a supergroup chat) — فقط متن می‌رود
2026-07-29 00:56:26,027 | ERROR   | telegram     | telegram sendMessage failed: 400 — Bad Request: group chat was upgraded to a supergroup chat
2026-07-29 00:56:26,027 | ERROR   | main         | ارسال به گروه ناموفق بود (ADMIN_CHAT_ID را چک کن)
2026-07-29 00:56:26,028 | INFO    | main         | ترجمه: Bradley Barcola 'reaches verbal agreement' with Liverpool as blockbust
2026-07-29 00:56:31,211 | INFO    | main         | هشدار کانال (88%): توافق شفاهی بارکولا با لیورپول
2026-07-29 00:56:31,372 | ERROR   | telegram     | telegram sendPhoto failed: 400 — Bad Request: group chat was upgraded to a supergroup chat
2026-07-29 00:56:31,372 | INFO    | telegram     | تلگرام نتوانست عکس را خودش بگیرد — دانلود و آپلود دستی…
2026-07-29 00:56:31,939 | ERROR   | telegram     | telegram upload_photo failed: Bad Request: group chat was upgraded to a supergroup chat
2026-07-29 00:56:31,939 | WARNING | telegram     | ارسال با عکس نشد (Bad Request: group chat was upgraded to a supergroup chat) — فقط متن می‌رود
2026-07-29 00:56:32,107 | ERROR   | telegram     | telegram sendMessage failed: 400 — Bad Request: group chat was upgraded to a supergroup chat
2026-07-29 00:56:32,107 | ERROR   | main         | ارسال به گروه ناموفق بود (ADMIN_CHAT_ID را چک کن)
2026-07-29 00:56:32,108 | INFO    | main         | ترجمه: Interview with Milos Kerkez.
Setting the record straight over summer w
2026-07-29 00:56:42,904 | ERROR   | telegram     | telegram sendPhoto failed: 400 — Bad Request: group chat was upgraded to a supergroup chat
2026-07-29 00:56:42,904 | INFO    | telegram     | تلگرام نتوانست عکس را خودش بگیرد — دانلود و آپلود دستی…
2026-07-29 00:56:44,086 | ERROR   | telegram     | telegram upload_photo failed: Bad Request: group chat was upgraded to a supergroup chat
2026-07-29 00:56:44,087 | WARNING | telegram     | ارسال با عکس نشد (Bad Request: group chat was upgraded to a supergroup chat) — فقط متن می‌رود
2026-07-29 00:56:44,235 | ERROR   | telegram     | telegram sendMessage failed: 400 — Bad Request: group chat was upgraded to a supergroup chat
2026-07-29 00:56:44,237 | ERROR   | main         | ارسال به گروه ناموفق بود (ADMIN_CHAT_ID را چک کن)
2026-07-29 00:56:44,237 | INFO    | main         | ترجمه: Liverpool assessed a number of wide options after missing out on Yan D
2026-07-29 00:56:51,149 | ERROR   | telegram     | telegram sendPhoto failed: 400 — Bad Request: group chat was upgraded to a supergroup chat
2026-07-29 00:56:51,149 | INFO    | telegram     | تلگرام نتوانست عکس را خودش بگیرد — دانلود و آپلود دستی…
2026-07-29 00:56:52,209 | ERROR   | telegram     | telegram upload_photo failed: Bad Request: group chat was upgraded to a supergroup chat
2026-07-29 00:56:52,210 | WARNING | telegram     | ارسال با عکس نشد (Bad Request: group chat was upgraded to a supergroup chat) — فقط متن می‌رود
2026-07-29 00:56:52,355 | ERROR   | telegram     | telegram sendMessage failed: 400 — Bad Request: group chat was upgraded to a supergroup chat
2026-07-29 00:56:52,356 | ERROR   | main         | ارسال به گروه ناموفق بود (ADMIN_CHAT_ID را چک کن)
2026-07-29 00:56:52,356 | INFO    | main         | ترجمه: John Oliver will be cheering on the Reds at Yankee Stadium tomorrow 🤩
2026-07-29 00:56:56,869 | ERROR   | telegram     | telegram sendMessage failed: 400 — Bad Request: group chat was upgraded to a supergroup chat
2026-07-29 00:56:56,869 | ERROR   | main         | ارسال به گروه ناموفق بود (ADMIN_CHAT_ID را چک کن)
2026-07-29 00:56:56,869 | INFO    | main         | ترجمه: Inside Training: Cody and Virgil are back 🙌

Watch their first day of 
2026-07-29 00:57:06,863 | INFO    | main         | هشدار کانال (100%): بازگشت کودی و ویرجیل به تمرینات پیش‌فصل 🙌
2026-07-29 00:57:07,028 | ERROR   | telegram     | telegram sendMessage failed: 400 — Bad Request: group chat was upgraded to a supergroup chat
2026-07-29 00:57:07,028 | ERROR   | main         | ارسال به گروه ناموفق بود (ADMIN_CHAT_ID را چک کن)
2026-07-29 00:57:07,029 | INFO    | main         | ترجمه: Cody Gakpo and Virgil van Dijk have today reported for pre-season duty
2026-07-29 00:57:14,626 | INFO    | main         | خبر مشترک با Liverpool FC
2026-07-29 00:57:14,784 | ERROR   | telegram     | telegram sendPhoto failed: 400 — Bad Request: group chat was upgraded to a supergroup chat
2026-07-29 00:57:14,785 | INFO    | telegram     | تلگرام نتوانست عکس را خودش بگیرد — دانلود و آپلود دستی…
2026-07-29 00:57:15,814 | ERROR   | telegram     | telegram upload_photo failed: Bad Request: group chat was upgraded to a supergroup chat
2026-07-29 00:57:15,814 | WARNING | telegram     | ارسال با عکس نشد (Bad Request: group chat was upgraded to a supergroup chat) — فقط متن می‌رود
2026-07-29 00:57:15,972 | ERROR   | telegram     | telegram sendMessage failed: 400 — Bad Request: group chat was upgraded to a supergroup chat
2026-07-29 00:57:15,973 | ERROR   | main         | ارسال به گروه ناموفق بود (ADMIN_CHAT_ID را چک کن)
2026-07-29 00:57:15,973 | INFO    | main         | در این سیکل 0 خبر ارسال شد
2026-07-29 00:57:21,270 | INFO    | src.lfc      | رد شد (podcast): Pre-season tour podcast: Interviews, previews and Liverpool 
2026-07-29 00:57:22,191 | INFO    | src.lfc      | رد شد (photos:): Training photos: Day two of pre-season camp for LFC Women
2026-07-29 00:57:23,985 | INFO    | src.lfc      | رد شد (foundation): LFC Foundation hosts football clinic for families affected b
2026-07-29 00:57:24,425 | INFO    | src.lfc      | رد شد (photos:): Photos: Cody Gakpo and Virgil van Dijk begin pre-season at A
2026-07-29 00:57:24,966 | INFO    | src.lfc      | رد شد (watch all): Watch all of Leanne Kiernan's goals for Liverpool FC Women
2026-07-29 00:57:25,440 | INFO    | src.lfc      | رد شد (women): Leanne Kiernan completes permanent move to Newcastle United
2026-07-29 00:57:25,927 | INFO    | src.lfc      | رد شد (supporters club): We Love You Liverpool: Meet Official LFC Supporters Club... 
2026-07-29 00:57:26,319 | INFO    | src.lfc      | رد شد (women): Liverpool FC Women set to compete in revamped Subway Players
2026-07-29 00:57:28,458 | INFO    | src.twitter  | توییتر: 29 حساب در 2.1s (FabrizioRomano, David_Ornstein, JamesPearceLFC, DavidLynchLFC, _pauljoyce, LFC)
2026-07-29 00:57:28,459 | INFO    | src.twitter  | رد شد (توییت کوتاه/مدیا): @JamesPearceLFC — Citi Field. Come on the Mets
2026-07-29 00:57:28,460 | INFO    | src.twitter  | رد شد (توییت کوتاه/مدیا): @JamesPearceLFC — Mighty Red making an appearance  Video
2026-07-29 00:57:28,460 | INFO    | src.twitter  | رد شد (توییت کوتاه/مدیا): @LFC — First day back for Cody and Virgil ✅  Video
2026-07-29 00:57:28,462 | INFO    | main         | جمع‌آوری شد: 7 آیتم
2026-07-29 00:57:28,463 | INFO    | main         | در این سیکل 0 خبر ارسال شد
2026-07-29 00:58:21,281 | INFO    | src.lfc      | رد شد (podcast): Pre-season tour podcast: Interviews, previews and Liverpool 
2026-07-29 00:58:21,563 | INFO    | src.lfc      | رد شد (photos:): Training photos: Day two of pre-season camp for LFC Women
2026-07-29 00:58:21,850 | INFO    | src.lfc      | رد شد (foundation): LFC Foundation hosts football clinic for families affected b
2026-07-29 00:58:21,996 | INFO    | src.lfc      | رد شد (photos:): Photos: Cody Gakpo and Virgil van Dijk begin pre-season at A
2026-07-29 00:58:22,132 | INFO    | src.lfc      | رد شد (watch all): Watch all of Leanne Kiernan's goals for Liverpool FC Women
2026-07-29 00:58:22,278 | INFO    | src.lfc      | رد شد (women): Leanne Kiernan completes permanent move to Newcastle United
2026-07-29 00:58:22,423 | INFO    | src.lfc      | رد شد (supporters club): We Love You Liverpool: Meet Official LFC Supporters Club... 
2026-07-29 00:58:22,565 | INFO    | src.lfc      | رد شد (women): Liverpool FC Women set to compete in revamped Subway Players
2026-07-29 00:59:32,412 | INFO    | main         | متصل شد به @lfc_test_1_bot | حالت انتشار: manual
2026-07-29 00:59:32,412 | INFO    | main         | سرویس فعال شد — چک منابع هر 60 ثانیه
2026-07-29 00:59:33,844 | INFO    | src.lfc      | رد شد (podcast): Pre-season tour podcast: Interviews, previews and Liverpool 
2026-07-29 00:59:34,211 | INFO    | src.lfc      | رد شد (photos:): Training photos: Day two of pre-season camp for LFC Women
2026-07-29 00:59:34,468 | INFO    | src.lfc      | رد شد (foundation): LFC Foundation hosts football clinic for families affected b
2026-07-29 00:59:34,621 | INFO    | src.lfc      | رد شد (photos:): Photos: Cody Gakpo and Virgil van Dijk begin pre-season at A
2026-07-29 00:59:34,742 | INFO    | src.lfc      | رد شد (watch all): Watch all of Leanne Kiernan's goals for Liverpool FC Women
2026-07-29 00:59:34,876 | INFO    | src.lfc      | رد شد (women): Leanne Kiernan completes permanent move to Newcastle United
2026-07-29 00:59:35,003 | INFO    | src.lfc      | رد شد (supporters club): We Love You Liverpool: Meet Official LFC Supporters Club... 
2026-07-29 00:59:35,140 | INFO    | src.lfc      | رد شد (women): Liverpool FC Women set to compete in revamped Subway Players
2026-07-29 00:59:36,203 | INFO    | src.twitter  | توییتر: 29 حساب در 1.1s (FabrizioRomano, David_Ornstein, JamesPearceLFC, DavidLynchLFC, _pauljoyce, LFC)
2026-07-29 00:59:36,205 | INFO    | src.twitter  | رد شد (توییت کوتاه/مدیا): @JamesPearceLFC — Citi Field. Come on the Mets
2026-07-29 00:59:36,205 | INFO    | src.twitter  | رد شد (توییت کوتاه/مدیا): @JamesPearceLFC — Mighty Red making an appearance  Video
2026-07-29 00:59:36,205 | INFO    | src.twitter  | رد شد (توییت کوتاه/مدیا): @LFC — First day back for Cody and Virgil ✅  Video
2026-07-29 00:59:36,207 | INFO    | main         | جمع‌آوری شد: 7 آیتم
2026-07-29 00:59:36,208 | INFO    | main         | ترجمه: Inside Training: Pre-season day one for Cody Gakpo and Virgil van Dijk
2026-07-29 00:59:46,465 | INFO    | guard        | نگهبان کانال: 18 پست اخیر خوانده شد
2026-07-29 00:59:47,660 | INFO    | main         | → در گروه قرار گرفت: Inside Training: Pre-season day one for Cody Gakpo and Virgil van Dijk
2026-07-29 00:59:49,661 | INFO    | main         | ترجمه: Bradley Barcola 'reaches verbal agreement' with Liverpool as blockbust
2026-07-29 00:59:54,296 | INFO    | main         | هشدار کانال (90%): توافق شفاهی بردلی بارکولا با لیورپول
2026-07-29 00:59:54,722 | INFO    | main         | → در گروه قرار گرفت: Bradley Barcola 'reaches verbal agreement' with Liverpool as blockbust
2026-07-29 00:59:56,724 | INFO    | main         | ترجمه: Interview with Milos Kerkez.
Setting the record straight over summer w
2026-07-29 01:00:06,342 | INFO    | main         | → در گروه قرار گرفت: Interview with Milos Kerkez.
Setting the record straight over summer w
2026-07-29 01:00:08,343 | INFO    | main         | ترجمه: Liverpool assessed a number of wide options after missing out on Yan D
2026-07-29 01:00:13,073 | INFO    | main         | → در گروه قرار گرفت: Liverpool assessed a number of wide options after missing out on Yan D
2026-07-29 01:00:15,073 | INFO    | main         | ترجمه: John Oliver will be cheering on the Reds at Yankee Stadium tomorrow 🤩
2026-07-29 01:00:21,580 | INFO    | main         | → در گروه قرار گرفت: John Oliver will be cheering on the Reds at Yankee Stadium tomorrow 🤩
2026-07-29 01:00:23,581 | INFO    | main         | در این سیکل 5 خبر ارسال شد
2026-07-29 01:00:32,667 | INFO    | src.lfc      | رد شد (podcast): Pre-season tour podcast: Interviews, previews and Liverpool 
2026-07-29 01:00:33,642 | INFO    | src.lfc      | رد شد (photos:): Training photos: Day two of pre-season camp for LFC Women
2026-07-29 01:00:34,526 | INFO    | src.lfc      | رد شد (foundation): LFC Foundation hosts football clinic for families affected b
2026-07-29 01:00:35,601 | INFO    | src.lfc      | رد شد (photos:): Photos: Cody Gakpo and Virgil van Dijk begin pre-season at A
2026-07-29 01:00:36,044 | INFO    | src.lfc      | رد شد (watch all): Watch all of Leanne Kiernan's goals for Liverpool FC Women
2026-07-29 01:00:36,448 | INFO    | src.lfc      | رد شد (women): Leanne Kiernan completes permanent move to Newcastle United
2026-07-29 01:00:36,884 | INFO    | src.lfc      | رد شد (supporters club): We Love You Liverpool: Meet Official LFC Supporters Club... 
2026-07-29 01:00:37,280 | INFO    | src.lfc      | رد شد (women): Liverpool FC Women set to compete in revamped Subway Players
2026-07-29 01:00:38,133 | INFO    | src.twitter  | توییتر: 29 حساب در 0.9s (FabrizioRomano, David_Ornstein, JamesPearceLFC, DavidLynchLFC, _pauljoyce, LFC)
2026-07-29 01:00:38,134 | INFO    | src.twitter  | رد شد (توییت کوتاه/مدیا): @JamesPearceLFC — Citi Field. Come on the Mets
2026-07-29 01:00:38,134 | INFO    | src.twitter  | رد شد (توییت کوتاه/مدیا): @JamesPearceLFC — Mighty Red making an appearance  Video
2026-07-29 01:00:38,134 | INFO    | src.twitter  | رد شد (توییت کوتاه/مدیا): @LFC — First day back for Cody and Virgil ✅  Video
2026-07-29 01:00:38,137 | INFO    | main         | جمع‌آوری شد: 7 آیتم
2026-07-29 01:00:38,137 | INFO    | main         | ترجمه: Inside Training: Cody and Virgil are back 🙌

Watch their first day of 
2026-07-29 01:00:44,007 | INFO    | main         | هشدار کانال (100%): بازگشت کودی و ویرجیل به تمرینات پیش‌فصل 🙌
2026-07-29 01:00:44,469 | INFO    | main         | → در گروه قرار گرفت: Inside Training: Cody and Virgil are back 🙌

Watch their first day of 
2026-07-29 01:00:46,470 | INFO    | main         | ترجمه: Cody Gakpo and Virgil van Dijk have today reported for pre-season duty
2026-07-29 01:00:55,033 | INFO    | main         | خبر مشترک با Liverpool FC
2026-07-29 01:00:55,521 | INFO    | main         | → در گروه قرار گرفت: Cody Gakpo and Virgil van Dijk have today reported for pre-season duty
2026-07-29 01:00:57,522 | INFO    | main         | در این سیکل 2 خبر ارسال شد
2026-07-29 01:01:32,698 | INFO    | src.lfc      | رد شد (podcast): Pre-season tour podcast: Interviews, previews and Liverpool 
2026-07-29 01:01:33,103 | INFO    | src.lfc      | رد شد (photos:): Training photos: Day two of pre-season camp for LFC Women
2026-07-29 01:01:35,434 | INFO    | src.lfc      | رد شد (foundation): LFC Foundation hosts football clinic for families affected b
2026-07-29 01:01:36,095 | INFO    | src.lfc      | رد شد (photos:): Photos: Cody Gakpo and Virgil van Dijk begin pre-season at A
2026-07-29 01:01:36,559 | INFO    | src.lfc      | رد شد (watch all): Watch all of Leanne Kiernan's goals for Liverpool FC Women
2026-07-29 01:01:37,031 | INFO    | src.lfc      | رد شد (women): Leanne Kiernan completes permanent move to Newcastle United
2026-07-29 01:01:37,519 | INFO    | src.lfc      | رد شد (supporters club): We Love You Liverpool: Meet Official LFC Supporters Club... 
2026-07-29 01:01:37,811 | INFO    | src.lfc      | رد شد (women): Liverpool FC Women set to compete in revamped Subway Players
2026-07-29 01:01:38,829 | INFO    | src.twitter  | توییتر: 29 حساب در 1.0s (FabrizioRomano, David_Ornstein, JamesPearceLFC, DavidLynchLFC, _pauljoyce, LFC)
2026-07-29 01:01:38,830 | INFO    | src.twitter  | رد شد (توییت کوتاه/مدیا): @JamesPearceLFC — Citi Field. Come on the Mets
2026-07-29 01:01:38,830 | INFO    | src.twitter  | رد شد (توییت کوتاه/مدیا): @JamesPearceLFC — Mighty Red making an appearance  Video
2026-07-29 01:01:38,831 | INFO    | src.twitter  | رد شد (توییت کوتاه/مدیا): @LFC — First day back for Cody and Virgil ✅  Video
2026-07-29 01:01:38,833 | INFO    | main         | جمع‌آوری شد: 7 آیتم
2026-07-29 01:01:38,833 | INFO    | main         | در این سیکل 0 خبر ارسال شد
2026-07-29 01:02:34,563 | INFO    | src.lfc      | رد شد (podcast): Pre-season tour podcast: Interviews, previews and Liverpool 
2026-07-29 01:02:36,146 | INFO    | src.lfc      | رد شد (photos:): Training photos: Day two of pre-season camp for LFC Women
2026-07-29 01:02:37,440 | INFO    | src.lfc      | رد شد (foundation): LFC Foundation hosts football clinic for families affected b
2026-07-29 01:02:38,312 | INFO    | src.lfc      | رد شد (photos:): Photos: Cody Gakpo and Virgil van Dijk begin pre-season at A
2026-07-29 01:02:39,175 | INFO    | src.lfc      | رد شد (watch all): Watch all of Leanne Kiernan's goals for Liverpool FC Women
2026-07-29 01:02:40,205 | INFO    | src.lfc      | رد شد (women): Leanne Kiernan completes permanent move to Newcastle United
2026-07-29 01:02:40,684 | INFO    | src.lfc      | رد شد (supporters club): We Love You Liverpool: Meet Official LFC Supporters Club... 
2026-07-29 01:02:41,155 | INFO    | src.lfc      | رد شد (women): Liverpool FC Women set to compete in revamped Subway Players
2026-07-29 01:02:45,173 | INFO    | src.twitter  | توییتر: 29 حساب در 4.0s (FabrizioRomano, David_Ornstein, JamesPearceLFC, DavidLynchLFC, _pauljoyce, LFC)
2026-07-29 01:02:45,173 | INFO    | src.twitter  | رد شد (توییت کوتاه/مدیا): @JamesPearceLFC — Citi Field. Come on the Mets
2026-07-29 01:02:45,174 | INFO    | src.twitter  | رد شد (توییت کوتاه/مدیا): @JamesPearceLFC — Mighty Red making an appearance  Video
2026-07-29 01:02:45,174 | INFO    | src.twitter  | رد شد (توییت کوتاه/مدیا): @LFC — First day back for Cody and Virgil ✅  Video
2026-07-29 01:02:45,176 | INFO    | main         | جمع‌آوری شد: 7 آیتم
2026-07-29 01:02:45,177 | INFO    | main         | در این سیکل 0 خبر ارسال شد
2026-07-29 01:03:33,324 | INFO    | src.lfc      | رد شد (podcast): Pre-season tour podcast: Interviews, previews and Liverpool 
2026-07-29 01:03:34,339 | INFO    | src.lfc      | رد شد (photos:): Training photos: Day two of pre-season camp for LFC Women
2026-07-29 01:03:35,190 | INFO    | src.lfc      | رد شد (foundation): LFC Foundation hosts football clinic for families affected b
2026-07-29 01:03:35,561 | INFO    | src.lfc      | رد شد (photos:): Photos: Cody Gakpo and Virgil van Dijk begin pre-season at A
2026-07-29 01:03:35,935 | INFO    | src.lfc      | رد شد (watch all): Watch all of Leanne Kiernan's goals for Liverpool FC Women
2026-07-29 01:03:37,134 | INFO    | src.lfc      | رد شد (women): Leanne Kiernan completes permanent move to Newcastle United
2026-07-29 01:03:37,636 | INFO    | src.lfc      | رد شد (supporters club): We Love You Liverpool: Meet Official LFC Supporters Club... 
2026-07-29 01:03:38,022 | INFO    | src.lfc      | رد شد (women): Liverpool FC Women set to compete in revamped Subway Players
2026-07-29 01:03:39,142 | INFO    | src.twitter  | توییتر: 29 حساب در 1.1s (FabrizioRomano, David_Ornstein, JamesPearceLFC, DavidLynchLFC, _pauljoyce, LFC)
2026-07-29 01:03:39,143 | INFO    | src.twitter  | رد شد (توییت کوتاه/مدیا): @JamesPearceLFC — Citi Field. Come on the Mets
2026-07-29 01:03:39,143 | INFO    | src.twitter  | رد شد (توییت کوتاه/مدیا): @JamesPearceLFC — Mighty Red making an appearance  Video
2026-07-29 01:03:39,144 | INFO    | src.twitter  | رد شد (توییت کوتاه/مدیا): @LFC — First day back for Cody and Virgil ✅  Video
2026-07-29 01:03:39,146 | INFO    | main         | جمع‌آوری شد: 7 آیتم
2026-07-29 01:03:39,147 | INFO    | main         | در این سیکل 0 خبر ارسال شد
2026-07-29 01:04:32,901 | INFO    | src.lfc      | رد شد (podcast): Pre-season tour podcast: Interviews, previews and Liverpool 
2026-07-29 01:04:33,390 | INFO    | src.lfc      | رد شد (photos:): Training photos: Day two of pre-season camp for LFC Women
2026-07-29 01:04:33,830 | INFO    | src.lfc      | رد شد (foundation): LFC Foundation hosts football clinic for families affected b
2026-07-29 01:04:34,037 | INFO    | src.lfc      | رد شد (photos:): Photos: Cody Gakpo and Virgil van Dijk begin pre-season at A
2026-07-29 01:04:34,279 | INFO    | src.lfc      | رد شد (watch all): Watch all of Leanne Kiernan's goals for Liverpool FC Women
2026-07-29 01:04:34,435 | INFO    | src.lfc      | رد شد (women): Leanne Kiernan completes permanent move to Newcastle United
2026-07-29 01:04:34,650 | INFO    | src.lfc      | رد شد (supporters club): We Love You Liverpool: Meet Official LFC Supporters Club... 
2026-07-29 01:04:34,802 | INFO    | src.lfc      | رد شد (women): Liverpool FC Women set to compete in revamped Subway Players
2026-07-29 01:04:36,233 | INFO    | src.twitter  | توییتر: 29 حساب در 1.4s (FabrizioRomano, David_Ornstein, JamesPearceLFC, DavidLynchLFC, _pauljoyce, LFC)
2026-07-29 01:04:36,234 | INFO    | src.twitter  | رد شد (توییت کوتاه/مدیا): @JamesPearceLFC — Citi Field. Come on the Mets
2026-07-29 01:04:36,235 | INFO    | src.twitter  | رد شد (توییت کوتاه/مدیا): @JamesPearceLFC — Mighty Red making an appearance  Video
2026-07-29 01:04:36,235 | INFO    | src.twitter  | رد شد (توییت کوتاه/مدیا): @LFC — First day back for Cody and Virgil ✅  Video
2026-07-29 01:04:36,237 | INFO    | main         | جمع‌آوری شد: 7 آیتم
2026-07-29 01:04:36,238 | INFO    | main         | در این سیکل 0 خبر ارسال شد
2026-07-29 01:05:32,875 | INFO    | src.lfc      | رد شد (podcast): Pre-season tour podcast: Interviews, previews and Liverpool 
2026-07-29 01:05:33,365 | INFO    | src.lfc      | رد شد (photos:): Training photos: Day two of pre-season camp for LFC Women
2026-07-29 01:05:33,850 | INFO    | src.lfc      | رد شد (foundation): LFC Foundation hosts football clinic for families affected b
2026-07-29 01:05:34,072 | INFO    | src.lfc      | رد شد (photos:): Photos: Cody Gakpo and Virgil van Dijk begin pre-season at A
2026-07-29 01:05:34,323 | INFO    | src.lfc      | رد شد (watch all): Watch all of Leanne Kiernan's goals for Liverpool FC Women
2026-07-29 01:05:34,541 | INFO    | src.lfc      | رد شد (women): Leanne Kiernan completes permanent move to Newcastle United
2026-07-29 01:05:34,734 | INFO    | src.lfc      | رد شد (supporters club): We Love You Liverpool: Meet Official LFC Supporters Club... 
2026-07-29 01:05:34,951 | INFO    | src.lfc      | رد شد (women): Liverpool FC Women set to compete in revamped Subway Players
2026-07-29 01:05:35,602 | INFO    | src.twitter  | توییتر: 29 حساب در 0.7s (FabrizioRomano, David_Ornstein, JamesPearceLFC, DavidLynchLFC, _pauljoyce, LFC)
2026-07-29 01:05:35,603 | INFO    | src.twitter  | رد شد (توییت کوتاه/مدیا): @JamesPearceLFC — Citi Field. Come on the Mets
2026-07-29 01:05:35,603 | INFO    | src.twitter  | رد شد (توییت کوتاه/مدیا): @JamesPearceLFC — Mighty Red making an appearance  Video
2026-07-29 01:05:35,604 | INFO    | src.twitter  | رد شد (توییت کوتاه/مدیا): @LFC — First day back for Cody and Virgil ✅  Video
2026-07-29 01:05:35,606 | INFO    | main         | جمع‌آوری شد: 7 آیتم
2026-07-29 01:05:35,607 | INFO    | main         | در این سیکل 0 خبر ارسال شد
2026-07-29 01:06:33,688 | INFO    | src.lfc      | رد شد (podcast): Pre-season tour podcast: Interviews, previews and Liverpool 
2026-07-29 01:06:34,581 | INFO    | src.lfc      | رد شد (photos:): Training photos: Day two of pre-season camp for LFC Women
2026-07-29 01:06:35,215 | INFO    | src.lfc      | رد شد (foundation): LFC Foundation hosts football clinic for families affected b
2026-07-29 01:06:35,674 | INFO    | src.lfc      | رد شد (photos:): Photos: Cody Gakpo and Virgil van Dijk begin pre-season at A
2026-07-29 01:06:36,224 | INFO    | src.lfc      | رد شد (watch all): Watch all of Leanne Kiernan's goals for Liverpool FC Women
2026-07-29 01:06:36,344 | INFO    | src.lfc      | رد شد (women): Leanne Kiernan completes permanent move to Newcastle United
2026-07-29 01:06:36,466 | INFO    | src.lfc      | رد شد (supporters club): We Love You Liverpool: Meet Official LFC Supporters Club... 
2026-07-29 01:06:36,590 | INFO    | src.lfc      | رد شد (women): Liverpool FC Women set to compete in revamped Subway Players
2026-07-29 01:06:37,790 | INFO    | src.twitter  | توییتر: 29 حساب در 1.2s (FabrizioRomano, David_Ornstein, JamesPearceLFC, DavidLynchLFC, _pauljoyce, LFC)
2026-07-29 01:06:37,791 | INFO    | src.twitter  | رد شد (توییت کوتاه/مدیا): @JamesPearceLFC — Citi Field. Come on the Mets
2026-07-29 01:06:37,792 | INFO    | src.twitter  | رد شد (توییت کوتاه/مدیا): @JamesPearceLFC — Mighty Red making an appearance  Video
2026-07-29 01:06:37,792 | INFO    | src.twitter  | رد شد (توییت کوتاه/مدیا): @LFC — First day back for Cody and Virgil ✅  Video
2026-07-29 01:06:37,794 | INFO    | main         | جمع‌آوری شد: 7 آیتم
2026-07-29 01:06:37,795 | INFO    | main         | در این سیکل 0 خبر ارسال شد
2026-07-29 01:07:32,945 | INFO    | src.lfc      | رد شد (podcast): Pre-season tour podcast: Interviews, previews and Liverpool 
2026-07-29 01:07:33,299 | INFO    | src.lfc      | رد شد (photos:): Training photos: Day two of pre-season camp for LFC Women
2026-07-29 01:07:33,924 | INFO    | src.lfc      | رد شد (foundation): LFC Foundation hosts football clinic for families affected b
2026-07-29 01:07:34,110 | INFO    | src.lfc      | رد شد (photos:): Photos: Cody Gakpo and Virgil van Dijk begin pre-season at A
2026-07-29 01:07:34,276 | INFO    | src.lfc      | رد شد (watch all): Watch all of Leanne Kiernan's goals for Liverpool FC Women
2026-07-29 01:07:35,383 | INFO    | src.lfc      | رد شد (women): Leanne Kiernan completes permanent move to Newcastle United
2026-07-29 01:07:36,119 | INFO    | src.lfc      | رد شد (supporters club): We Love You Liverpool: Meet Official LFC Supporters Club... 
2026-07-29 01:07:36,833 | INFO    | src.lfc      | رد شد (women): Liverpool FC Women set to compete in revamped Subway Players
2026-07-29 01:07:39,054 | WARNING | src.base     | GET https://nitter.space/FabrizioRomano/rss -> 403
2026-07-29 01:07:39,176 | WARNING | src.base     | GET https://rsshub.rssforever.com/twitter/user/FabrizioRomano -> 503
2026-07-29 01:07:39,347 | WARNING | src.base     | GET https://lightbrd.com/FabrizioRomano/rss -> 403
2026-07-29 01:07:39,892 | WARNING | src.base     | GET https://xcancel.com/FabrizioRomano/rss -> 400
2026-07-29 01:07:53,834 | INFO    | src.twitter  | آینه فعال توییتر: https://nitter.net (20 توییت، 0.5s)
2026-07-29 01:07:54,624 | INFO    | src.twitter  | توییتر: 29 حساب در 0.8s (FabrizioRomano, David_Ornstein, JamesPearceLFC, DavidLynchLFC, _pauljoyce, LFC)
2026-07-29 01:07:54,625 | INFO    | src.twitter  | رد شد (توییت کوتاه/مدیا): @JamesPearceLFC — Citi Field. Come on the Mets
2026-07-29 01:07:54,625 | INFO    | src.twitter  | رد شد (توییت کوتاه/مدیا): @JamesPearceLFC — Mighty Red making an appearance  Video
2026-07-29 01:07:54,626 | INFO    | src.twitter  | رد شد (توییت کوتاه/مدیا): @LFC — First day back for Cody and Virgil ✅  Video
2026-07-29 01:07:54,628 | INFO    | main         | جمع‌آوری شد: 7 آیتم
2026-07-29 01:07:54,629 | INFO    | main         | در این سیکل 0 خبر ارسال شد
2026-07-29 01:08:32,876 | INFO    | src.lfc      | رد شد (podcast): Pre-season tour podcast: Interviews, previews and Liverpool 
2026-07-29 01:08:33,240 | INFO    | src.lfc      | رد شد (photos:): Training photos: Day two of pre-season camp for LFC Women
2026-07-29 01:08:33,903 | INFO    | src.lfc      | رد شد (foundation): LFC Foundation hosts football clinic for families affected b
2026-07-29 01:08:34,291 | INFO    | src.lfc      | رد شد (photos:): Photos: Cody Gakpo and Virgil van Dijk begin pre-season at A
2026-07-29 01:08:34,586 | INFO    | src.lfc      | رد شد (watch all): Watch all of Leanne Kiernan's goals for Liverpool FC Women
2026-07-29 01:08:34,884 | INFO    | src.lfc      | رد شد (women): Leanne Kiernan completes permanent move to Newcastle United
2026-07-29 01:08:35,220 | INFO    | src.lfc      | رد شد (supporters club): We Love You Liverpool: Meet Official LFC Supporters Club... 
2026-07-29 01:08:35,486 | INFO    | src.lfc      | رد شد (women): Liverpool FC Women set to compete in revamped Subway Players
2026-07-29 01:08:36,238 | INFO    | src.twitter  | توییتر: 29 حساب در 0.7s (FabrizioRomano, David_Ornstein, JamesPearceLFC, DavidLynchLFC, _pauljoyce, LFC)
2026-07-29 01:08:36,239 | INFO    | src.twitter  | رد شد (توییت کوتاه/مدیا): @JamesPearceLFC — Citi Field. Come on the Mets
2026-07-29 01:08:36,239 | INFO    | src.twitter  | رد شد (توییت کوتاه/مدیا): @JamesPearceLFC — Mighty Red making an appearance  Video
2026-07-29 01:08:36,240 | INFO    | src.twitter  | رد شد (توییت کوتاه/مدیا): @LFC — First day back for Cody and Virgil ✅  Video
2026-07-29 01:08:36,242 | INFO    | main         | جمع‌آوری شد: 7 آیتم
2026-07-29 01:08:36,243 | INFO    | main         | در این سیکل 0 خبر ارسال شد
2026-07-29 01:09:33,056 | INFO    | src.lfc      | رد شد (podcast): Pre-season tour podcast: Interviews, previews and Liverpool 
2026-07-29 01:09:33,835 | INFO    | src.lfc      | رد شد (photos:): Training photos: Day two of pre-season camp for LFC Women
2026-07-29 01:09:34,398 | INFO    | src.lfc      | رد شد (foundation): LFC Foundation hosts football clinic for families affected b
2026-07-29 01:09:34,663 | INFO    | src.lfc      | رد شد (photos:): Photos: Cody Gakpo and Virgil van Dijk begin pre-season at A
2026-07-29 01:09:34,896 | INFO    | src.lfc      | رد شد (watch all): Watch all of Leanne Kiernan's goals for Liverpool FC Women
2026-07-29 01:09:35,130 | INFO    | src.lfc      | رد شد (women): Leanne Kiernan completes permanent move to Newcastle United
2026-07-29 01:09:35,393 | INFO    | src.lfc      | رد شد (supporters club): We Love You Liverpool: Meet Official LFC Supporters Club... 
2026-07-29 01:09:35,616 | INFO    | src.lfc      | رد شد (women): Liverpool FC Women set to compete in revamped Subway Players
2026-07-29 01:09:36,397 | INFO    | src.twitter  | توییتر: 29 حساب در 0.8s (FabrizioRomano, David_Ornstein, JamesPearceLFC, DavidLynchLFC, _pauljoyce, LFC)
2026-07-29 01:09:36,398 | INFO    | src.twitter  | رد شد (توییت کوتاه/مدیا): @JamesPearceLFC — Citi Field. Come on the Mets
2026-07-29 01:09:36,398 | INFO    | src.twitter  | رد شد (توییت کوتاه/مدیا): @JamesPearceLFC — Mighty Red making an appearance  Video
2026-07-29 01:09:36,399 | INFO    | src.twitter  | رد شد (توییت کوتاه/مدیا): @LFC — First day back for Cody and Virgil ✅  Video
2026-07-29 01:09:36,401 | INFO    | main         | جمع‌آوری شد: 7 آیتم
2026-07-29 01:09:36,402 | INFO    | main         | در این سیکل 0 خبر ارسال شد
2026-07-29 01:10:34,740 | INFO    | src.lfc      | رد شد (podcast): Pre-season tour podcast: Interviews, previews and Liverpool 
2026-07-29 01:10:36,123 | INFO    | src.lfc      | رد شد (photos:): Training photos: Day two of pre-season camp for LFC Women
2026-07-29 01:10:37,802 | INFO    | src.lfc      | رد شد (foundation): LFC Foundation hosts football clinic for families affected b
2026-07-29 01:10:38,592 | INFO    | src.lfc      | رد شد (photos:): Photos: Cody Gakpo and Virgil van Dijk begin pre-season at A
2026-07-29 01:10:39,436 | INFO    | src.lfc      | رد شد (watch all): Watch all of Leanne Kiernan's goals for Liverpool FC Women
2026-07-29 01:10:40,301 | INFO    | src.lfc      | رد شد (women): Leanne Kiernan completes permanent move to Newcastle United
2026-07-29 01:10:41,981 | INFO    | src.lfc      | رد شد (supporters club): We Love You Liverpool: Meet Official LFC Supporters Club... 
2026-07-29 01:10:42,799 | INFO    | src.lfc      | رد شد (women): Liverpool FC Women set to compete in revamped Subway Players
2026-07-29 01:10:44,896 | WARNING | src.base     | GET https://nitter.net/NicoSchira/rss -> 429
2026-07-29 01:10:54,732 | WARNING | src.base     | GET https://lightbrd.com/NicoSchira/rss -> 403
2026-07-29 01:10:58,740 | WARNING | src.base     | GET https://xcancel.com/NicoSchira/rss -> 400
2026-07-29 01:11:16,354 | INFO    | src.twitter  | @NicoSchira جواب نداد — 30 دقیقه کنار گذاشته شد
2026-07-29 01:11:16,355 | INFO    | src.twitter  | توییتر: 29 حساب در 33.6s (FabrizioRomano, David_Ornstein, JamesPearceLFC, DavidLynchLFC, _pauljoyce, LFC)
2026-07-29 01:11:16,355 | INFO    | src.twitter  | رد شد (توییت کوتاه/مدیا): @JamesPearceLFC — Citi Field. Come on the Mets
2026-07-29 01:11:16,356 | INFO    | src.twitter  | رد شد (توییت کوتاه/مدیا): @JamesPearceLFC — Mighty Red making an appearance  Video
2026-07-29 01:11:16,356 | INFO    | src.twitter  | رد شد (توییت کوتاه/مدیا): @LFC — First day back for Cody and Virgil ✅  Video
2026-07-29 01:11:16,358 | INFO    | main         | جمع‌آوری شد: 7 آیتم
2026-07-29 01:11:16,359 | INFO    | main         | در این سیکل 0 خبر ارسال شد
2026-07-29 01:11:33,027 | INFO    | src.lfc      | رد شد (podcast): Pre-season tour podcast: Interviews, previews and Liverpool 
2026-07-29 01:11:33,484 | INFO    | src.lfc      | رد شد (photos:): Training photos: Day two of pre-season camp for LFC Women
2026-07-29 01:11:33,930 | INFO    | src.lfc      | رد شد (foundation): LFC Foundation hosts football clinic for families affected b
2026-07-29 01:11:34,186 | INFO    | src.lfc      | رد شد (photos:): Photos: Cody Gakpo and Virgil van Dijk begin pre-season at A
2026-07-29 01:11:34,406 | INFO    | src.lfc      | رد شد (watch all): Watch all of Leanne Kiernan's goals for Liverpool FC Women
2026-07-29 01:11:34,625 | INFO    | src.lfc      | رد شد (women): Leanne Kiernan completes permanent move to Newcastle United
2026-07-29 01:11:34,862 | INFO    | src.lfc      | رد شد (supporters club): We Love You Liverpool: Meet Official LFC Supporters Club... 
2026-07-29 01:11:35,077 | INFO    | src.lfc      | رد شد (women): Liverpool FC Women set to compete in revamped Subway Players
2026-07-29 01:11:36,269 | WARNING | src.base     | GET https://nitter.net/NicoSchira/rss -> 429
2026-07-29 01:11:42,082 | INFO    | src.twitter  | توییتر: 29 حساب در 7.0s (FabrizioRomano, David_Ornstein, JamesPearceLFC, DavidLynchLFC, _pauljoyce, LFC)
2026-07-29 01:11:42,083 | INFO    | src.twitter  | رد شد (توییت کوتاه/مدیا): @JamesPearceLFC — Citi Field. Come on the Mets
2026-07-29 01:11:42,083 | INFO    | src.twitter  | رد شد (توییت کوتاه/مدیا): @JamesPearceLFC — Mighty Red making an appearance  Video
2026-07-29 01:11:42,083 | INFO    | src.twitter  | رد شد (توییت کوتاه/مدیا): @LFC — First day back for Cody and Virgil ✅  Video
2026-07-29 01:11:42,085 | INFO    | main         | جمع‌آوری شد: 7 آیتم
2026-07-29 01:11:42,086 | INFO    | main         | در این سیکل 0 خبر ارسال شد
2026-07-29 01:12:33,800 | INFO    | src.lfc      | رد شد (podcast): Pre-season tour podcast: Interviews, previews and Liverpool 
2026-07-29 01:12:34,863 | INFO    | src.lfc      | رد شد (photos:): Training photos: Day two of pre-season camp for LFC Women
2026-07-29 01:12:35,735 | INFO    | src.lfc      | رد شد (foundation): LFC Foundation hosts football clinic for families affected b
2026-07-29 01:12:36,224 | INFO    | src.lfc      | رد شد (photos:): Photos: Cody Gakpo and Virgil van Dijk begin pre-season at A
2026-07-29 01:12:36,685 | INFO    | src.lfc      | رد شد (watch all): Watch all of Leanne Kiernan's goals for Liverpool FC Women
2026-07-29 01:12:37,196 | INFO    | src.lfc      | رد شد (women): Leanne Kiernan completes permanent move to Newcastle United
2026-07-29 01:12:37,725 | INFO    | src.lfc      | رد شد (supporters club): We Love You Liverpool: Meet Official LFC Supporters Club... 
2026-07-29 01:12:38,025 | INFO    | src.lfc      | رد شد (women): Liverpool FC Women set to compete in revamped Subway Players
2026-07-29 01:12:40,464 | INFO    | src.twitter  | توییتر: 29 حساب در 2.4s (FabrizioRomano, David_Ornstein, JamesPearceLFC, DavidLynchLFC, _pauljoyce, LFC)
2026-07-29 01:12:40,465 | INFO    | src.twitter  | رد شد (توییت کوتاه/مدیا): @JamesPearceLFC — Citi Field. Come on the Mets
2026-07-29 01:12:40,465 | INFO    | src.twitter  | رد شد (توییت کوتاه/مدیا): @JamesPearceLFC — Mighty Red making an appearance  Video
2026-07-29 01:12:40,466 | INFO    | src.twitter  | رد شد (توییت کوتاه/مدیا): @LFC — First day back for Cody and Virgil ✅  Video
2026-07-29 01:12:40,468 | INFO    | main         | جمع‌آوری شد: 7 آیتم
2026-07-29 01:12:40,468 | INFO    | main         | در این سیکل 0 خبر ارسال شد
2026-07-29 01:13:32,989 | INFO    | src.lfc      | رد شد (podcast): Pre-season tour podcast: Interviews, previews and Liverpool 
2026-07-29 01:13:33,424 | INFO    | src.lfc      | رد شد (photos:): Training photos: Day two of pre-season camp for LFC Women
2026-07-29 01:13:33,834 | INFO    | src.lfc      | رد شد (foundation): LFC Foundation hosts football clinic for families affected b
2026-07-29 01:13:34,074 | INFO    | src.lfc      | رد شد (photos:): Photos: Cody Gakpo and Virgil van Dijk begin pre-season at A
2026-07-29 01:13:34,282 | INFO    | src.lfc      | رد شد (watch all): Watch all of Leanne Kiernan's goals for Liverpool FC Women
2026-07-29 01:13:34,490 | INFO    | src.lfc      | رد شد (women): Leanne Kiernan completes permanent move to Newcastle United
2026-07-29 01:13:34,717 | INFO    | src.lfc      | رد شد (supporters club): We Love You Liverpool: Meet Official LFC Supporters Club... 
2026-07-29 01:13:34,934 | INFO    | src.lfc      | رد شد (women): Liverpool FC Women set to compete in revamped Subway Players
2026-07-29 01:13:35,690 | INFO    | src.twitter  | توییتر: 29 حساب در 0.8s (FabrizioRomano, David_Ornstein, JamesPearceLFC, DavidLynchLFC, _pauljoyce, LFC)
2026-07-29 01:13:35,691 | INFO    | src.twitter  | رد شد (توییت کوتاه/مدیا): @JamesPearceLFC — Citi Field. Come on the Mets
2026-07-29 01:13:35,692 | INFO    | src.twitter  | رد شد (توییت کوتاه/مدیا): @JamesPearceLFC — Mighty Red making an appearance  Video
2026-07-29 01:13:35,692 | INFO    | src.twitter  | رد شد (توییت کوتاه/مدیا): @LFC — First day back for Cody and Virgil ✅  Video
2026-07-29 01:13:35,694 | INFO    | main         | جمع‌آوری شد: 7 آیتم
2026-07-29 01:13:35,695 | INFO    | main         | در این سیکل 0 خبر ارسال شد
2026-07-29 01:14:34,934 | INFO    | src.lfc      | رد شد (podcast): Pre-season tour podcast: Interviews, previews and Liverpool 
2026-07-29 01:14:36,031 | INFO    | src.lfc      | رد شد (photos:): Training photos: Day two of pre-season camp for LFC Women
2026-07-29 01:14:37,286 | INFO    | src.lfc      | رد شد (foundation): LFC Foundation hosts football clinic for families affected b
2026-07-29 01:14:37,934 | INFO    | src.lfc      | رد شد (photos:): Photos: Cody Gakpo and Virgil van Dijk begin pre-season at A
2026-07-29 01:14:39,049 | INFO    | src.lfc      | رد شد (watch all): Watch all of Leanne Kiernan's goals for Liverpool FC Women
2026-07-29 01:14:39,834 | INFO    | src.lfc      | رد شد (women): Leanne Kiernan completes permanent move to Newcastle United
2026-07-29 01:14:40,765 | INFO    | src.lfc      | رد شد (supporters club): We Love You Liverpool: Meet Official LFC Supporters Club... 
2026-07-29 01:14:41,646 | INFO    | src.lfc      | رد شد (women): Liverpool FC Women set to compete in revamped Subway Players
2026-07-29 01:14:43,911 | INFO    | src.twitter  | توییتر: 29 حساب در 2.3s (FabrizioRomano, David_Ornstein, JamesPearceLFC, DavidLynchLFC, _pauljoyce, LFC)
2026-07-29 01:14:43,911 | INFO    | src.twitter  | رد شد (توییت کوتاه/مدیا): @JamesPearceLFC — Citi Field. Come on the Mets
2026-07-29 01:14:43,912 | INFO    | src.twitter  | رد شد (توییت کوتاه/مدیا): @JamesPearceLFC — Mighty Red making an appearance  Video
2026-07-29 01:14:43,912 | INFO    | src.twitter  | رد شد (توییت کوتاه/مدیا): @LFC — First day back for Cody and Virgil ✅  Video
2026-07-29 01:14:43,914 | INFO    | main         | جمع‌آوری شد: 7 آیتم
2026-07-29 01:14:43,915 | INFO    | main         | در این سیکل 0 خبر ارسال شد
2026-07-29 01:15:33,041 | INFO    | src.lfc      | رد شد (podcast): Pre-season tour podcast: Interviews, previews and Liverpool 
2026-07-29 01:15:33,479 | INFO    | src.lfc      | رد شد (photos:): Training photos: Day two of pre-season camp for LFC Women
2026-07-29 01:15:33,879 | INFO    | src.lfc      | رد شد (foundation): LFC Foundation hosts football clinic for families affected b
2026-07-29 01:15:34,102 | INFO    | src.lfc      | رد شد (photos:): Photos: Cody Gakpo and Virgil van Dijk begin pre-season at A
2026-07-29 01:15:34,298 | INFO    | src.lfc      | رد شد (watch all): Watch all of Leanne Kiernan's goals for Liverpool FC Women
2026-07-29 01:15:34,502 | INFO    | src.lfc      | رد شد (women): Leanne Kiernan completes permanent move to Newcastle United
2026-07-29 01:15:34,725 | INFO    | src.lfc      | رد شد (supporters club): We Love You Liverpool: Meet Official LFC Supporters Club... 
2026-07-29 01:15:34,943 | INFO    | src.lfc      | رد شد (women): Liverpool FC Women set to compete in revamped Subway Players
2026-07-29 01:15:36,124 | INFO    | src.twitter  | توییتر: 29 حساب در 1.2s (FabrizioRomano, David_Ornstein, JamesPearceLFC, DavidLynchLFC, _pauljoyce, LFC)
2026-07-29 01:15:36,124 | INFO    | src.twitter  | رد شد (توییت کوتاه/مدیا): @JamesPearceLFC — Citi Field. Come on the Mets
2026-07-29 01:15:36,125 | INFO    | src.twitter  | رد شد (توییت کوتاه/مدیا): @JamesPearceLFC — Mighty Red making an appearance  Video
2026-07-29 01:15:36,125 | INFO    | src.twitter  | رد شد (توییت کوتاه/مدیا): @LFC — First day back for Cody and Virgil ✅  Video
2026-07-29 01:15:36,127 | INFO    | main         | جمع‌آوری شد: 7 آیتم
2026-07-29 01:15:36,128 | INFO    | main         | در این سیکل 0 خبر ارسال شد
2026-07-29 01:16:33,014 | INFO    | src.lfc      | رد شد (podcast): Pre-season tour podcast: Interviews, previews and Liverpool 
2026-07-29 01:16:33,672 | INFO    | src.lfc      | رد شد (photos:): Training photos: Day two of pre-season camp for LFC Women
2026-07-29 01:16:34,061 | INFO    | src.lfc      | رد شد (foundation): LFC Foundation hosts football clinic for families affected b
2026-07-29 01:16:34,289 | INFO    | src.lfc      | رد شد (photos:): Photos: Cody Gakpo and Virgil van Dijk begin pre-season at A
2026-07-29 01:16:34,488 | INFO    | src.lfc      | رد شد (watch all): Watch all of Leanne Kiernan's goals for Liverpool FC Women
2026-07-29 01:16:34,694 | INFO    | src.lfc      | رد شد (women): Leanne Kiernan completes permanent move to Newcastle United
2026-07-29 01:16:34,933 | INFO    | src.lfc      | رد شد (supporters club): We Love You Liverpool: Meet Official LFC Supporters Club... 
2026-07-29 01:16:35,144 | INFO    | src.lfc      | رد شد (women): Liverpool FC Women set to compete in revamped Subway Players
2026-07-29 01:16:35,836 | INFO    | src.twitter  | توییتر: 29 حساب در 0.7s (FabrizioRomano, David_Ornstein, JamesPearceLFC, DavidLynchLFC, _pauljoyce, LFC)
2026-07-29 01:16:35,838 | INFO    | src.twitter  | رد شد (توییت کوتاه/مدیا): @JamesPearceLFC — Citi Field. Come on the Mets
2026-07-29 01:16:35,838 | INFO    | src.twitter  | رد شد (توییت کوتاه/مدیا): @JamesPearceLFC — Mighty Red making an appearance  Video
2026-07-29 01:16:35,839 | INFO    | src.twitter  | رد شد (توییت کوتاه/مدیا): @LFC — First day back for Cody and Virgil ✅  Video
2026-07-29 01:16:35,841 | INFO    | main         | جمع‌آوری شد: 7 آیتم
2026-07-29 01:16:35,842 | INFO    | main         | در این سیکل 0 خبر ارسال شد
2026-07-29 01:17:33,561 | INFO    | src.lfc      | رد شد (podcast): Pre-season tour podcast: Interviews, previews and Liverpool 
2026-07-29 01:17:33,979 | INFO    | src.lfc      | رد شد (photos:): Training photos: Day two of pre-season camp for LFC Women
2026-07-29 01:17:34,380 | INFO    | src.lfc      | رد شد (foundation): LFC Foundation hosts football clinic for families affected b
2026-07-29 01:17:34,599 | INFO    | src.lfc      | رد شد (photos:): Photos: Cody Gakpo and Virgil van Dijk begin pre-season at A
2026-07-29 01:17:34,799 | INFO    | src.lfc      | رد شد (watch all): Watch all of Leanne Kiernan's goals for Liverpool FC Women
2026-07-29 01:17:35,007 | INFO    | src.lfc      | رد شد (women): Leanne Kiernan completes permanent move to Newcastle United
2026-07-29 01:17:35,259 | INFO    | src.lfc      | رد شد (supporters club): We Love You Liverpool: Meet Official LFC Supporters Club... 
2026-07-29 01:17:35,464 | INFO    | src.lfc      | رد شد (women): Liverpool FC Women set to compete in revamped Subway Players
2026-07-29 01:17:36,506 | INFO    | src.twitter  | توییتر: 29 حساب در 1.0s (FabrizioRomano, David_Ornstein, JamesPearceLFC, DavidLynchLFC, _pauljoyce, LFC)
2026-07-29 01:17:36,507 | INFO    | src.twitter  | رد شد (توییت کوتاه/مدیا): @JamesPearceLFC — Citi Field. Come on the Mets
2026-07-29 01:17:36,510 | INFO    | main         | جمع‌آوری شد: 7 آیتم
2026-07-29 01:17:36,510 | INFO    | main         | ترجمه: Liverpool’s flight from Chicago to New York has been cancelled due to 
2026-07-29 01:17:40,676 | INFO    | guard        | نگهبان کانال: 18 پست اخیر خوانده شد
2026-07-29 01:17:41,532 | INFO    | main         | → در گروه قرار گرفت: Liverpool’s flight from Chicago to New York has been cancelled due to 
2026-07-29 01:17:43,533 | INFO    | main         | در این سیکل 1 خبر ارسال شد
2026-07-29 01:18:34,112 | INFO    | src.lfc      | رد شد (podcast): Pre-season tour podcast: Interviews, previews and Liverpool 
2026-07-29 01:18:36,654 | INFO    | src.lfc      | رد شد (photos:): Training photos: Day two of pre-season camp for LFC Women
2026-07-29 01:18:38,348 | INFO    | src.lfc      | رد شد (foundation): LFC Foundation hosts football clinic for families affected b
2026-07-29 01:18:39,191 | INFO    | src.lfc      | رد شد (photos:): Photos: Cody Gakpo and Virgil van Dijk begin pre-season at A
2026-07-29 01:18:40,414 | INFO    | src.lfc      | رد شد (watch all): Watch all of Leanne Kiernan's goals for Liverpool FC Women
2026-07-29 01:18:41,734 | INFO    | src.lfc      | رد شد (women): Leanne Kiernan completes permanent move to Newcastle United
2026-07-29 01:18:47,522 | INFO    | src.lfc      | رد شد (supporters club): We Love You Liverpool: Meet Official LFC Supporters Club... 
2026-07-29 01:18:50,768 | INFO    | src.lfc      | رد شد (women): Liverpool FC Women set to compete in revamped Subway Players
2026-07-29 01:18:52,523 | WARNING | src.base     | GET https://nitter.net/PhysioScout/rss -> 429
2026-07-29 01:19:03,099 | WARNING | src.base     | GET https://lightbrd.com/PhysioScout/rss -> 403
2026-07-29 01:19:04,599 | WARNING | src.base     | GET https://xcancel.com/PhysioScout/rss -> 400
2026-07-29 01:19:16,635 | INFO    | src.twitter  | @PhysioScout جواب نداد — 30 دقیقه کنار گذاشته شد
2026-07-29 01:19:16,636 | INFO    | src.twitter  | توییتر: 29 حساب در 25.9s (FabrizioRomano, David_Ornstein, JamesPearceLFC, DavidLynchLFC, _pauljoyce, LFC)
2026-07-29 01:19:16,636 | INFO    | src.twitter  | رد شد (توییت کوتاه/مدیا): @JamesPearceLFC — Citi Field. Come on the Mets
2026-07-29 01:19:16,638 | INFO    | main         | جمع‌آوری شد: 7 آیتم
2026-07-29 01:19:16,640 | INFO    | main         | در این سیکل 0 خبر ارسال شد
2026-07-29 01:19:34,309 | INFO    | src.lfc      | رد شد (podcast): Pre-season tour podcast: Interviews, previews and Liverpool 
2026-07-29 01:19:35,032 | INFO    | src.lfc      | رد شد (photos:): Training photos: Day two of pre-season camp for LFC Women
2026-07-29 01:19:35,430 | INFO    | src.lfc      | رد شد (foundation): LFC Foundation hosts football clinic for families affected b
2026-07-29 01:19:35,594 | INFO    | src.lfc      | رد شد (photos:): Photos: Cody Gakpo and Virgil van Dijk begin pre-season at A
2026-07-29 01:19:35,749 | INFO    | src.lfc      | رد شد (watch all): Watch all of Leanne Kiernan's goals for Liverpool FC Women
2026-07-29 01:19:35,904 | INFO    | src.lfc      | رد شد (women): Leanne Kiernan completes permanent move to Newcastle United
2026-07-29 01:19:36,161 | INFO    | src.lfc      | رد شد (supporters club): We Love You Liverpool: Meet Official LFC Supporters Club... 
2026-07-29 01:19:36,333 | INFO    | src.lfc      | رد شد (women): Liverpool FC Women set to compete in revamped Subway Players
2026-07-29 01:19:37,228 | WARNING | src.base     | GET https://nitter.net/PhysioScout/rss -> 429
2026-07-29 01:19:43,025 | INFO    | src.twitter  | توییتر: 29 حساب در 6.7s (FabrizioRomano, David_Ornstein, JamesPearceLFC, DavidLynchLFC, _pauljoyce, LFC)
2026-07-29 01:19:43,025 | INFO    | src.twitter  | رد شد (توییت کوتاه/مدیا): @JamesPearceLFC — Citi Field. Come on the Mets
2026-07-29 01:19:43,027 | INFO    | main         | جمع‌آوری شد: 7 آیتم
2026-07-29 01:19:43,028 | INFO    | main         | در این سیکل 0 خبر ارسال شد
2026-07-29 01:20:33,889 | INFO    | src.lfc      | رد شد (podcast): Pre-season tour podcast: Interviews, previews and Liverpool 
2026-07-29 01:20:34,735 | INFO    | src.lfc      | رد شد (photos:): Training photos: Day two of pre-season camp for LFC Women
2026-07-29 01:20:35,257 | INFO    | src.lfc      | رد شد (foundation): LFC Foundation hosts football clinic for families affected b
2026-07-29 01:20:35,556 | INFO    | src.lfc      | رد شد (photos:): Photos: Cody Gakpo and Virgil van Dijk begin pre-season at A
2026-07-29 01:20:35,885 | INFO    | src.lfc      | رد شد (watch all): Watch all of Leanne Kiernan's goals for Liverpool FC Women
2026-07-29 01:20:36,258 | INFO    | src.lfc      | رد شد (women): Leanne Kiernan completes permanent move to Newcastle United
2026-07-29 01:20:36,661 | INFO    | src.lfc      | رد شد (supporters club): We Love You Liverpool: Meet Official LFC Supporters Club... 
2026-07-29 01:20:36,928 | INFO    | src.lfc      | رد شد (women): Liverpool FC Women set to compete in revamped Subway Players
2026-07-29 01:20:38,264 | WARNING | src.base     | GET https://nitter.net/PhysioScout/rss -> 429
2026-07-29 01:20:46,203 | INFO    | src.twitter  | توییتر: 29 حساب در 9.3s (FabrizioRomano, David_Ornstein, JamesPearceLFC, DavidLynchLFC, _pauljoyce, LFC)
2026-07-29 01:20:46,204 | INFO    | src.twitter  | رد شد (توییت کوتاه/مدیا): @JamesPearceLFC — Citi Field. Come on the Mets
2026-07-29 01:20:46,207 | INFO    | main         | جمع‌آوری شد: 7 آیتم
2026-07-29 01:20:46,208 | INFO    | main         | در این سیکل 0 خبر ارسال شد
2026-07-29 01:21:33,834 | INFO    | src.lfc      | رد شد (podcast): Pre-season tour podcast: Interviews, previews and Liverpool 
2026-07-29 01:21:34,080 | INFO    | src.lfc      | رد شد (photos:): Training photos: Day two of pre-season camp for LFC Women
2026-07-29 01:21:34,359 | INFO    | src.lfc      | رد شد (foundation): LFC Foundation hosts football clinic for families affected b
2026-07-29 01:21:34,483 | INFO    | src.lfc      | رد شد (photos:): Photos: Cody Gakpo and Virgil van Dijk begin pre-season at A
2026-07-29 01:21:34,603 | INFO    | src.lfc      | رد شد (watch all): Watch all of Leanne Kiernan's goals for Liverpool FC Women
2026-07-29 01:21:34,723 | INFO    | src.lfc      | رد شد (women): Leanne Kiernan completes permanent move to Newcastle United
2026-07-29 01:21:34,932 | INFO    | src.lfc      | رد شد (supporters club): We Love You Liverpool: Meet Official LFC Supporters Club... 
2026-07-29 01:21:35,148 | INFO    | src.lfc      | رد شد (women): Liverpool FC Women set to compete in revamped Subway Players
2026-07-29 01:21:36,396 | INFO    | src.twitter  | توییتر: 29 حساب در 1.2s (FabrizioRomano, David_Ornstein, JamesPearceLFC, DavidLynchLFC, _pauljoyce, LFC)
2026-07-29 01:21:36,397 | INFO    | src.twitter  | رد شد (توییت کوتاه/مدیا): @JamesPearceLFC — Citi Field. Come on the Mets
2026-07-29 01:21:36,399 | INFO    | main         | جمع‌آوری شد: 7 آیتم
2026-07-29 01:21:36,400 | INFO    | main         | در این سیکل 0 خبر ارسال شد
2026-07-29 01:22:33,058 | INFO    | src.lfc      | رد شد (podcast): Pre-season tour podcast: Interviews, previews and Liverpool 
2026-07-29 01:22:34,288 | INFO    | src.lfc      | رد شد (photos:): Training photos: Day two of pre-season camp for LFC Women
2026-07-29 01:22:35,961 | INFO    | src.lfc      | رد شد (foundation): LFC Foundation hosts football clinic for families affected b
2026-07-29 01:22:36,433 | INFO    | src.lfc      | رد شد (photos:): Photos: Cody Gakpo and Virgil van Dijk begin pre-season at A
2026-07-29 01:22:36,911 | INFO    | src.lfc      | رد شد (watch all): Watch all of Leanne Kiernan's goals for Liverpool FC Women
2026-07-29 01:22:37,408 | INFO    | src.lfc      | رد شد (women): Leanne Kiernan completes permanent move to Newcastle United
2026-07-29 01:22:37,812 | INFO    | src.lfc      | رد شد (supporters club): We Love You Liverpool: Meet Official LFC Supporters Club... 
2026-07-29 01:22:38,232 | INFO    | src.lfc      | رد شد (women): Liverpool FC Women set to compete in revamped Subway Players
2026-07-29 01:22:39,137 | INFO    | src.twitter  | توییتر: 29 حساب در 0.9s (FabrizioRomano, David_Ornstein, JamesPearceLFC, DavidLynchLFC, _pauljoyce, LFC)
2026-07-29 01:22:39,138 | INFO    | src.twitter  | رد شد (توییت کوتاه/مدیا): @JamesPearceLFC — Citi Field. Come on the Mets
2026-07-29 01:22:39,140 | INFO    | main         | جمع‌آوری شد: 7 آیتم
2026-07-29 01:22:39,141 | INFO    | main         | در این سیکل 0 خبر ارسال شد
2026-07-29 01:23:32,908 | INFO    | src.lfc      | رد شد (podcast): Pre-season tour podcast: Interviews, previews and Liverpool 
2026-07-29 01:23:33,440 | INFO    | src.lfc      | رد شد (photos:): Training photos: Day two of pre-season camp for LFC Women
2026-07-29 01:23:33,683 | INFO    | src.lfc      | رد شد (foundation): LFC Foundation hosts football clinic for families affected b
2026-07-29 01:23:33,908 | INFO    | src.lfc      | رد شد (photos:): Photos: Cody Gakpo and Virgil van Dijk begin pre-season at A
2026-07-29 01:23:34,029 | INFO    | src.lfc      | رد شد (watch all): Watch all of Leanne Kiernan's goals for Liverpool FC Women
2026-07-29 01:23:34,165 | INFO    | src.lfc      | رد شد (women): Leanne Kiernan completes permanent move to Newcastle United
2026-07-29 01:23:34,316 | INFO    | src.lfc      | رد شد (supporters club): We Love You Liverpool: Meet Official LFC Supporters Club... 
2026-07-29 01:23:34,436 | INFO    | src.lfc      | رد شد (women): Liverpool FC Women set to compete in revamped Subway Players
2026-07-29 01:23:35,284 | INFO    | src.twitter  | توییتر: 29 حساب در 0.8s (FabrizioRomano, David_Ornstein, JamesPearceLFC, DavidLynchLFC, _pauljoyce, LFC)
2026-07-29 01:23:35,285 | INFO    | src.twitter  | رد شد (توییت کوتاه/مدیا): @JamesPearceLFC — Citi Field. Come on the Mets
2026-07-29 01:23:35,287 | INFO    | main         | جمع‌آوری شد: 7 آیتم
2026-07-29 01:23:35,288 | INFO    | main         | در این سیکل 0 خبر ارسال شد
2026-07-29 01:24:33,167 | INFO    | src.lfc      | رد شد (podcast): Pre-season tour podcast: Interviews, previews and Liverpool 
2026-07-29 01:24:33,463 | INFO    | src.lfc      | رد شد (photos:): Training photos: Day two of pre-season camp for LFC Women
2026-07-29 01:24:34,554 | INFO    | src.lfc      | رد شد (foundation): LFC Foundation hosts football clinic for families affected b
2026-07-29 01:24:34,870 | INFO    | src.lfc      | رد شد (photos:): Photos: Cody Gakpo and Virgil van Dijk begin pre-season at A
2026-07-29 01:24:35,289 | INFO    | src.lfc      | رد شد (watch all): Watch all of Leanne Kiernan's goals for Liverpool FC Women
2026-07-29 01:24:35,559 | INFO    | src.lfc      | رد شد (women): Leanne Kiernan completes permanent move to Newcastle United
2026-07-29 01:24:35,860 | INFO    | src.lfc      | رد شد (supporters club): We Love You Liverpool: Meet Official LFC Supporters Club... 
2026-07-29 01:24:36,113 | INFO    | src.lfc      | رد شد (women): Liverpool FC Women set to compete in revamped Subway Players
2026-07-29 01:24:36,829 | INFO    | src.twitter  | توییتر: 29 حساب در 0.7s (FabrizioRomano, David_Ornstein, JamesPearceLFC, DavidLynchLFC, _pauljoyce, LFC)
2026-07-29 01:24:36,830 | INFO    | src.twitter  | رد شد (توییت کوتاه/مدیا): @JamesPearceLFC — Citi Field. Come on the Mets
2026-07-29 01:24:36,832 | INFO    | main         | جمع‌آوری شد: 7 آیتم
2026-07-29 01:24:36,832 | INFO    | main         | در این سیکل 0 خبر ارسال شد
2026-07-29 01:25:34,845 | INFO    | src.lfc      | رد شد (podcast): Pre-season tour podcast: Interviews, previews and Liverpool 
2026-07-29 01:25:35,609 | INFO    | src.lfc      | رد شد (photos:): Training photos: Day two of pre-season camp for LFC Women
2026-07-29 01:25:37,235 | INFO    | src.lfc      | رد شد (foundation): LFC Foundation hosts football clinic for families affected b
2026-07-29 01:25:37,687 | INFO    | src.lfc      | رد شد (photos:): Photos: Cody Gakpo and Virgil van Dijk begin pre-season at A
2026-07-29 01:25:38,110 | INFO    | src.lfc      | رد شد (watch all): Watch all of Leanne Kiernan's goals for Liverpool FC Women
2026-07-29 01:25:38,654 | INFO    | src.lfc      | رد شد (women): Leanne Kiernan completes permanent move to Newcastle United
2026-07-29 01:25:39,128 | INFO    | src.lfc      | رد شد (supporters club): We Love You Liverpool: Meet Official LFC Supporters Club... 
2026-07-29 01:25:39,510 | INFO    | src.lfc      | رد شد (women): Liverpool FC Women set to compete in revamped Subway Players
2026-07-29 01:25:40,170 | INFO    | src.twitter  | توییتر: 29 حساب در 0.7s (FabrizioRomano, David_Ornstein, JamesPearceLFC, DavidLynchLFC, _pauljoyce, LFC)
2026-07-29 01:25:40,171 | INFO    | src.twitter  | رد شد (توییت کوتاه/مدیا): @JamesPearceLFC — Citi Field. Come on the Mets
2026-07-29 01:25:40,173 | INFO    | main         | جمع‌آوری شد: 7 آیتم
2026-07-29 01:25:40,174 | INFO    | main         | در این سیکل 0 خبر ارسال شد
2026-07-29 01:26:33,732 | INFO    | src.lfc      | رد شد (podcast): Pre-season tour podcast: Interviews, previews and Liverpool 
2026-07-29 01:26:35,142 | INFO    | src.lfc      | رد شد (photos:): Training photos: Day two of pre-season camp for LFC Women
2026-07-29 01:26:35,521 | INFO    | src.lfc      | رد شد (foundation): LFC Foundation hosts football clinic for families affected b
2026-07-29 01:26:35,875 | INFO    | src.lfc      | رد شد (photos:): Photos: Cody Gakpo and Virgil van Dijk begin pre-season at A
2026-07-29 01:26:35,997 | INFO    | src.lfc      | رد شد (watch all): Watch all of Leanne Kiernan's goals for Liverpool FC Women
2026-07-29 01:26:36,121 | INFO    | src.lfc      | رد شد (women): Leanne Kiernan completes permanent move to Newcastle United
2026-07-29 01:26:36,355 | INFO    | src.lfc      | رد شد (supporters club): We Love You Liverpool: Meet Official LFC Supporters Club... 
2026-07-29 01:26:36,487 | INFO    | src.lfc      | رد شد (women): Liverpool FC Women set to compete in revamped Subway Players
2026-07-29 01:26:37,561 | INFO    | src.twitter  | توییتر: 29 حساب در 1.1s (FabrizioRomano, David_Ornstein, JamesPearceLFC, DavidLynchLFC, _pauljoyce, LFC)
2026-07-29 01:26:37,562 | INFO    | src.twitter  | رد شد (توییت کوتاه/مدیا): @JamesPearceLFC — Citi Field. Come on the Mets
2026-07-29 01:26:37,564 | INFO    | main         | جمع‌آوری شد: 7 آیتم
2026-07-29 01:26:37,565 | INFO    | main         | در این سیکل 0 خبر ارسال شد
2026-07-29 01:27:33,465 | INFO    | src.lfc      | رد شد (podcast): Pre-season tour podcast: Interviews, previews and Liverpool 
2026-07-29 01:27:33,711 | INFO    | src.lfc      | رد شد (photos:): Training photos: Day two of pre-season camp for LFC Women
2026-07-29 01:27:33,961 | INFO    | src.lfc      | رد شد (foundation): LFC Foundation hosts football clinic for families affected b
2026-07-29 01:27:34,085 | INFO    | src.lfc      | رد شد (photos:): Photos: Cody Gakpo and Virgil van Dijk begin pre-season at A
2026-07-29 01:27:34,207 | INFO    | src.lfc      | رد شد (watch all): Watch all of Leanne Kiernan's goals for Liverpool FC Women
2026-07-29 01:27:34,328 | INFO    | src.lfc      | رد شد (women): Leanne Kiernan completes permanent move to Newcastle United
2026-07-29 01:27:34,453 | INFO    | src.lfc      | رد شد (supporters club): We Love You Liverpool: Meet Official LFC Supporters Club... 
2026-07-29 01:27:34,577 | INFO    | src.lfc      | رد شد (women): Liverpool FC Women set to compete in revamped Subway Players
2026-07-29 01:27:35,252 | INFO    | src.twitter  | توییتر: 29 حساب در 0.7s (FabrizioRomano, David_Ornstein, JamesPearceLFC, DavidLynchLFC, _pauljoyce, LFC)
2026-07-29 01:27:35,253 | INFO    | src.twitter  | رد شد (توییت کوتاه/مدیا): @JamesPearceLFC — Citi Field. Come on the Mets
2026-07-29 01:27:35,255 | INFO    | main         | جمع‌آوری شد: 7 آیتم
2026-07-29 01:27:35,256 | INFO    | main         | در این سیکل 0 خبر ارسال شد
2026-07-29 01:28:32,935 | INFO    | src.lfc      | رد شد (podcast): Pre-season tour podcast: Interviews, previews and Liverpool 
2026-07-29 01:28:36,395 | INFO    | src.lfc      | رد شد (photos:): Training photos: Day two of pre-season camp for LFC Women
2026-07-29 01:28:37,537 | INFO    | src.lfc      | رد شد (foundation): LFC Foundation hosts football clinic for families affected b
2026-07-29 01:28:38,041 | INFO    | src.lfc      | رد شد (photos:): Photos: Cody Gakpo and Virgil van Dijk begin pre-season at A
2026-07-29 01:28:39,420 | INFO    | src.lfc      | رد شد (watch all): Watch all of Leanne Kiernan's goals for Liverpool FC Women
2026-07-29 01:28:39,979 | INFO    | src.lfc      | رد شد (women): Leanne Kiernan completes permanent move to Newcastle United
2026-07-29 01:28:40,445 | INFO    | src.lfc      | رد شد (supporters club): We Love You Liverpool: Meet Official LFC Supporters Club... 
2026-07-29 01:28:41,004 | INFO    | src.lfc      | رد شد (women): Liverpool FC Women set to compete in revamped Subway Players
2026-07-29 01:28:43,603 | INFO    | src.twitter  | توییتر: 29 حساب در 2.6s (FabrizioRomano, David_Ornstein, JamesPearceLFC, DavidLynchLFC, _pauljoyce, LFC)
2026-07-29 01:28:43,604 | INFO    | src.twitter  | رد شد (توییت کوتاه/مدیا): @JamesPearceLFC — Citi Field. Come on the Mets
2026-07-29 01:28:43,606 | INFO    | main         | جمع‌آوری شد: 7 آیتم
2026-07-29 01:28:43,606 | INFO    | main         | در این سیکل 0 خبر ارسال شد
2026-07-29 01:29:35,431 | INFO    | src.lfc      | رد شد (podcast): Pre-season tour podcast: Interviews, previews and Liverpool 
2026-07-29 01:29:37,365 | INFO    | src.lfc      | رد شد (photos:): Training photos: Day two of pre-season camp for LFC Women
2026-07-29 01:29:38,264 | INFO    | src.lfc      | رد شد (foundation): LFC Foundation hosts football clinic for families affected b
2026-07-29 01:29:38,729 | INFO    | src.lfc      | رد شد (photos:): Photos: Cody Gakpo and Virgil van Dijk begin pre-season at A
2026-07-29 01:29:39,124 | INFO    | src.lfc      | رد شد (watch all): Watch all of Leanne Kiernan's goals for Liverpool FC Women
2026-07-29 01:29:40,277 | INFO    | src.lfc      | رد شد (women): Leanne Kiernan completes permanent move to Newcastle United
2026-07-29 01:29:41,073 | INFO    | src.lfc      | رد شد (supporters club): We Love You Liverpool: Meet Official LFC Supporters Club... 
2026-07-29 01:29:41,493 | INFO    | src.lfc      | رد شد (women): Liverpool FC Women set to compete in revamped Subway Players
2026-07-29 01:29:43,110 | INFO    | src.twitter  | توییتر: 29 حساب در 1.6s (FabrizioRomano, David_Ornstein, JamesPearceLFC, DavidLynchLFC, _pauljoyce, LFC)
2026-07-29 01:29:43,111 | INFO    | src.twitter  | رد شد (توییت کوتاه/مدیا): @JamesPearceLFC — Citi Field. Come on the Mets
2026-07-29 01:29:43,113 | INFO    | main         | جمع‌آوری شد: 7 آیتم
2026-07-29 01:29:43,114 | INFO    | main         | در این سیکل 0 خبر ارسال شد
2026-07-29 01:30:33,582 | INFO    | src.lfc      | رد شد (podcast): Pre-season tour podcast: Interviews, previews and Liverpool 
2026-07-29 01:30:33,968 | INFO    | src.lfc      | رد شد (photos:): Training photos: Day two of pre-season camp for LFC Women
2026-07-29 01:30:34,324 | INFO    | src.lfc      | رد شد (foundation): LFC Foundation hosts football clinic for families affected b
2026-07-29 01:30:34,449 | INFO    | src.lfc      | رد شد (photos:): Photos: Cody Gakpo and Virgil van Dijk begin pre-season at A
2026-07-29 01:30:34,568 | INFO    | src.lfc      | رد شد (watch all): Watch all of Leanne Kiernan's goals for Liverpool FC Women
2026-07-29 01:30:34,688 | INFO    | src.lfc      | رد شد (women): Leanne Kiernan completes permanent move to Newcastle United
2026-07-29 01:30:34,921 | INFO    | src.lfc      | رد شد (supporters club): We Love You Liverpool: Meet Official LFC Supporters Club... 
2026-07-29 01:30:35,039 | INFO    | src.lfc      | رد شد (women): Liverpool FC Women set to compete in revamped Subway Players
2026-07-29 01:30:35,700 | INFO    | src.twitter  | توییتر: 29 حساب در 0.7s (FabrizioRomano, David_Ornstein, JamesPearceLFC, DavidLynchLFC, _pauljoyce, LFC)
2026-07-29 01:30:35,701 | INFO    | src.twitter  | رد شد (توییت کوتاه/مدیا): @JamesPearceLFC — Citi Field. Come on the Mets
2026-07-29 01:30:35,703 | INFO    | main         | جمع‌آوری شد: 7 آیتم
2026-07-29 01:30:35,703 | INFO    | main         | در این سیکل 0 خبر ارسال شد
2026-07-29 01:31:33,493 | INFO    | src.lfc      | رد شد (podcast): Pre-season tour podcast: Interviews, previews and Liverpool 
2026-07-29 01:31:34,021 | INFO    | src.lfc      | رد شد (photos:): Training photos: Day two of pre-season camp for LFC Women
2026-07-29 01:31:34,492 | INFO    | src.lfc      | رد شد (foundation): LFC Foundation hosts football clinic for families affected b
2026-07-29 01:31:34,629 | INFO    | src.lfc      | رد شد (photos:): Photos: Cody Gakpo and Virgil van Dijk begin pre-season at A
2026-07-29 01:31:34,760 | INFO    | src.lfc      | رد شد (watch all): Watch all of Leanne Kiernan's goals for Liverpool FC Women
2026-07-29 01:31:34,907 | INFO    | src.lfc      | رد شد (women): Leanne Kiernan completes permanent move to Newcastle United
2026-07-29 01:31:35,200 | INFO    | src.lfc      | رد شد (supporters club): We Love You Liverpool: Meet Official LFC Supporters Club... 
2026-07-29 01:31:35,320 | INFO    | src.lfc      | رد شد (women): Liverpool FC Women set to compete in revamped Subway Players
2026-07-29 01:31:36,184 | INFO    | src.twitter  | توییتر: 29 حساب در 0.9s (FabrizioRomano, David_Ornstein, JamesPearceLFC, DavidLynchLFC, _pauljoyce, LFC)
2026-07-29 01:31:36,185 | INFO    | src.twitter  | رد شد (توییت کوتاه/مدیا): @JamesPearceLFC — Citi Field. Come on the Mets
2026-07-29 01:31:36,187 | INFO    | main         | جمع‌آوری شد: 7 آیتم
2026-07-29 01:31:36,188 | INFO    | main         | در این سیکل 0 خبر ارسال شد
2026-07-29 01:32:32,968 | INFO    | src.lfc      | رد شد (podcast): Pre-season tour podcast: Interviews, previews and Liverpool 
2026-07-29 01:32:33,321 | INFO    | src.lfc      | رد شد (photos:): Training photos: Day two of pre-season camp for LFC Women
2026-07-29 01:32:34,679 | INFO    | src.lfc      | رد شد (foundation): LFC Foundation hosts football clinic for families affected b
2026-07-29 01:32:35,123 | INFO    | src.lfc      | رد شد (photos:): Photos: Cody Gakpo and Virgil van Dijk begin pre-season at A
2026-07-29 01:32:35,485 | INFO    | src.lfc      | رد شد (watch all): Watch all of Leanne Kiernan's goals for Liverpool FC Women
2026-07-29 01:32:35,919 | INFO    | src.lfc      | رد شد (women): Leanne Kiernan completes permanent move to Newcastle United
2026-07-29 01:32:36,343 | INFO    | src.lfc      | رد شد (supporters club): We Love You Liverpool: Meet Official LFC Supporters Club... 
2026-07-29 01:32:37,341 | INFO    | src.lfc      | رد شد (women): Liverpool FC Women set to compete in revamped Subway Players
2026-07-29 01:32:38,145 | INFO    | src.twitter  | توییتر: 29 حساب در 0.8s (FabrizioRomano, David_Ornstein, JamesPearceLFC, DavidLynchLFC, _pauljoyce, LFC)
2026-07-29 01:32:38,146 | INFO    | src.twitter  | رد شد (توییت کوتاه/مدیا): @JamesPearceLFC — Citi Field. Come on the Mets
2026-07-29 01:32:38,148 | INFO    | main         | جمع‌آوری شد: 7 آیتم
2026-07-29 01:32:38,149 | INFO    | main         | در این سیکل 0 خبر ارسال شد
2026-07-29 01:33:34,508 | INFO    | src.lfc      | رد شد (podcast): Pre-season tour podcast: Interviews, previews and Liverpool 
2026-07-29 01:33:35,446 | INFO    | src.lfc      | رد شد (photos:): Training photos: Day two of pre-season camp for LFC Women
2026-07-29 01:33:37,361 | INFO    | src.lfc      | رد شد (foundation): LFC Foundation hosts football clinic for families affected b
2026-07-29 01:33:39,062 | INFO    | src.lfc      | رد شد (photos:): Photos: Cody Gakpo and Virgil van Dijk begin pre-season at A
2026-07-29 01:33:39,197 | INFO    | src.lfc      | رد شد (watch all): Watch all of Leanne Kiernan's goals for Liverpool FC Women
2026-07-29 01:33:39,333 | INFO    | src.lfc      | رد شد (women): Leanne Kiernan completes permanent move to Newcastle United
2026-07-29 01:33:39,476 | INFO    | src.lfc      | رد شد (supporters club): We Love You Liverpool: Meet Official LFC Supporters Club... 
2026-07-29 01:33:39,712 | INFO    | src.lfc      | رد شد (women): Liverpool FC Women set to compete in revamped Subway Players
2026-07-29 01:33:40,416 | INFO    | src.twitter  | توییتر: 29 حساب در 0.7s (FabrizioRomano, David_Ornstein, JamesPearceLFC, DavidLynchLFC, _pauljoyce, LFC)
2026-07-29 01:33:40,418 | INFO    | src.twitter  | رد شد (توییت کوتاه/مدیا): @JamesPearceLFC — Citi Field. Come on the Mets
2026-07-29 01:33:40,420 | INFO    | main         | جمع‌آوری شد: 7 آیتم
2026-07-29 01:33:40,420 | INFO    | main         | در این سیکل 0 خبر ارسال شد
2026-07-29 01:34:33,062 | INFO    | src.lfc      | رد شد (podcast): Pre-season tour podcast: Interviews, previews and Liverpool 
2026-07-29 01:34:33,533 | INFO    | src.lfc      | رد شد (photos:): Training photos: Day two of pre-season camp for LFC Women
2026-07-29 01:34:33,790 | INFO    | src.lfc      | رد شد (foundation): LFC Foundation hosts football clinic for families affected b
2026-07-29 01:34:33,938 | INFO    | src.lfc      | رد شد (photos:): Photos: Cody Gakpo and Virgil van Dijk begin pre-season at A
2026-07-29 01:34:34,202 | INFO    | src.lfc      | رد شد (watch all): Watch all of Leanne Kiernan's goals for Liverpool FC Women
2026-07-29 01:34:34,401 | INFO    | src.lfc      | رد شد (women): Leanne Kiernan completes permanent move to Newcastle United
2026-07-29 01:34:34,612 | INFO    | src.lfc      | رد شد (supporters club): We Love You Liverpool: Meet Official LFC Supporters Club... 
2026-07-29 01:34:34,878 | INFO    | src.lfc      | رد شد (women): Liverpool FC Women set to compete in revamped Subway Players
2026-07-29 01:34:37,193 | INFO    | src.twitter  | توییتر: 29 حساب در 2.3s (FabrizioRomano, David_Ornstein, JamesPearceLFC, DavidLynchLFC, _pauljoyce, LFC)
2026-07-29 01:34:37,194 | INFO    | src.twitter  | رد شد (توییت کوتاه/مدیا): @JamesPearceLFC — Citi Field. Come on the Mets
2026-07-29 01:34:37,196 | INFO    | main         | جمع‌آوری شد: 7 آیتم
2026-07-29 01:34:37,197 | INFO    | main         | در این سیکل 0 خبر ارسال شد
2026-07-29 01:35:33,111 | INFO    | src.lfc      | رد شد (podcast): Pre-season tour podcast: Interviews, previews and Liverpool 
2026-07-29 01:35:33,494 | INFO    | src.lfc      | رد شد (photos:): Training photos: Day two of pre-season camp for LFC Women
2026-07-29 01:35:34,587 | INFO    | src.lfc      | رد شد (foundation): LFC Foundation hosts football clinic for families affected b
2026-07-29 01:35:34,761 | INFO    | src.lfc      | رد شد (photos:): Photos: Cody Gakpo and Virgil van Dijk begin pre-season at A
2026-07-29 01:35:34,881 | INFO    | src.lfc      | رد شد (watch all): Watch all of Leanne Kiernan's goals for Liverpool FC Women
2026-07-29 01:35:35,012 | INFO    | src.lfc      | رد شد (women): Leanne Kiernan completes permanent move to Newcastle United
2026-07-29 01:35:35,150 | INFO    | src.lfc      | رد شد (supporters club): We Love You Liverpool: Meet Official LFC Supporters Club... 
2026-07-29 01:35:35,269 | INFO    | src.lfc      | رد شد (women): Liverpool FC Women set to compete in revamped Subway Players
2026-07-29 01:35:36,648 | INFO    | src.twitter  | توییتر: 29 حساب در 1.4s (FabrizioRomano, David_Ornstein, JamesPearceLFC, DavidLynchLFC, _pauljoyce, LFC)
2026-07-29 01:35:36,649 | INFO    | src.twitter  | رد شد (توییت کوتاه/مدیا): @JamesPearceLFC — Citi Field. Come on the Mets
2026-07-29 01:35:36,651 | INFO    | main         | جمع‌آوری شد: 7 آیتم
2026-07-29 01:35:36,652 | INFO    | main         | در این سیکل 0 خبر ارسال شد
2026-07-29 01:36:34,938 | INFO    | src.lfc      | رد شد (podcast): Pre-season tour podcast: Interviews, previews and Liverpool 
2026-07-29 01:36:36,890 | INFO    | src.lfc      | رد شد (photos:): Training photos: Day two of pre-season camp for LFC Women
2026-07-29 01:36:37,735 | INFO    | src.lfc      | رد شد (foundation): LFC Foundation hosts football clinic for families affected b
2026-07-29 01:36:39,015 | INFO    | src.lfc      | رد شد (photos:): Photos: Cody Gakpo and Virgil van Dijk begin pre-season at A
2026-07-29 01:36:39,568 | INFO    | src.lfc      | رد شد (watch all): Watch all of Leanne Kiernan's goals for Liverpool FC Women
2026-07-29 01:36:40,285 | INFO    | src.lfc      | رد شد (women): Leanne Kiernan completes permanent move to Newcastle United
2026-07-29 01:36:42,091 | INFO    | src.lfc      | رد شد (supporters club): We Love You Liverpool: Meet Official LFC Supporters Club... 
2026-07-29 01:36:42,692 | INFO    | src.lfc      | رد شد (women): Liverpool FC Women set to compete in revamped Subway Players
2026-07-29 01:36:46,282 | INFO    | src.twitter  | توییتر: 29 حساب در 3.6s (FabrizioRomano, David_Ornstein, JamesPearceLFC, DavidLynchLFC, _pauljoyce, LFC)
2026-07-29 01:36:46,283 | INFO    | src.twitter  | رد شد (توییت کوتاه/مدیا): @JamesPearceLFC — Citi Field. Come on the Mets
2026-07-29 01:36:46,286 | INFO    | main         | جمع‌آوری شد: 7 آیتم
2026-07-29 01:36:46,286 | INFO    | main         | در این سیکل 0 خبر ارسال شد
2026-07-29 01:37:34,016 | INFO    | src.lfc      | رد شد (podcast): Pre-season tour podcast: Interviews, previews and Liverpool 
2026-07-29 01:37:34,363 | INFO    | src.lfc      | رد شد (photos:): Training photos: Day two of pre-season camp for LFC Women
2026-07-29 01:37:34,688 | INFO    | src.lfc      | رد شد (foundation): LFC Foundation hosts football clinic for families affected b
2026-07-29 01:37:34,954 | INFO    | src.lfc      | رد شد (photos:): Photos: Cody Gakpo and Virgil van Dijk begin pre-season at A
2026-07-29 01:37:35,107 | INFO    | src.lfc      | رد شد (watch all): Watch all of Leanne Kiernan's goals for Liverpool FC Women
2026-07-29 01:37:35,263 | INFO    | src.lfc      | رد شد (women): Leanne Kiernan completes permanent move to Newcastle United
2026-07-29 01:37:35,444 | INFO    | src.lfc      | رد شد (supporters club): We Love You Liverpool: Meet Official LFC Supporters Club... 
2026-07-29 01:37:35,622 | INFO    | src.lfc      | رد شد (women): Liverpool FC Women set to compete in revamped Subway Players
2026-07-29 01:37:36,292 | INFO    | src.twitter  | توییتر: 29 حساب در 0.7s (FabrizioRomano, David_Ornstein, JamesPearceLFC, DavidLynchLFC, _pauljoyce, LFC)
2026-07-29 01:37:36,293 | INFO    | src.twitter  | رد شد (توییت کوتاه/مدیا): @JamesPearceLFC — Citi Field. Come on the Mets
2026-07-29 01:37:36,295 | INFO    | main         | جمع‌آوری شد: 7 آیتم
2026-07-29 01:37:36,296 | INFO    | main         | در این سیکل 0 خبر ارسال شد
2026-07-29 01:38:33,783 | INFO    | src.lfc      | رد شد (podcast): Pre-season tour podcast: Interviews, previews and Liverpool 
2026-07-29 01:38:34,058 | INFO    | src.lfc      | رد شد (photos:): Training photos: Day two of pre-season camp for LFC Women
2026-07-29 01:38:34,819 | INFO    | src.lfc      | رد شد (foundation): LFC Foundation hosts football clinic for families affected b
2026-07-29 01:38:35,024 | INFO    | src.lfc      | رد شد (photos:): Photos: Cody Gakpo and Virgil van Dijk begin pre-season at A
2026-07-29 01:38:35,168 | INFO    | src.lfc      | رد شد (watch all): Watch all of Leanne Kiernan's goals for Liverpool FC Women
2026-07-29 01:38:35,290 | INFO    | src.lfc      | رد شد (women): Leanne Kiernan completes permanent move to Newcastle United
2026-07-29 01:38:35,468 | INFO    | src.lfc      | رد شد (supporters club): We Love You Liverpool: Meet Official LFC Supporters Club... 
2026-07-29 01:38:35,589 | INFO    | src.lfc      | رد شد (women): Liverpool FC Women set to compete in revamped Subway Players
2026-07-29 01:38:36,287 | INFO    | src.twitter  | توییتر: 29 حساب در 0.7s (FabrizioRomano, David_Ornstein, JamesPearceLFC, DavidLynchLFC, _pauljoyce, LFC)
2026-07-29 01:38:36,288 | INFO    | src.twitter  | رد شد (توییت کوتاه/مدیا): @JamesPearceLFC — Citi Field. Come on the Mets
2026-07-29 01:38:36,290 | INFO    | main         | جمع‌آوری شد: 7 آیتم
2026-07-29 01:38:36,291 | INFO    | main         | در این سیکل 0 خبر ارسال شد
2026-07-29 01:39:33,097 | INFO    | src.lfc      | رد شد (podcast): Pre-season tour podcast: Interviews, previews and Liverpool 
2026-07-29 01:39:33,395 | INFO    | src.lfc      | رد شد (photos:): Training photos: Day two of pre-season camp for LFC Women
2026-07-29 01:39:33,673 | INFO    | src.lfc      | رد شد (foundation): LFC Foundation hosts football clinic for families affected b
2026-07-29 01:39:33,845 | INFO    | src.lfc      | رد شد (photos:): Photos: Cody Gakpo and Virgil van Dijk begin pre-season at A
2026-07-29 01:39:33,968 | INFO    | src.lfc      | رد شد (watch all): Watch all of Leanne Kiernan's goals for Liverpool FC Women
2026-07-29 01:39:34,090 | INFO    | src.lfc      | رد شد (women): Leanne Kiernan completes permanent move to Newcastle United
2026-07-29 01:39:34,215 | INFO    | src.lfc      | رد شد (supporters club): We Love You Liverpool: Meet Official LFC Supporters Club... 
2026-07-29 01:39:34,372 | INFO    | src.lfc      | رد شد (women): Liverpool FC Women set to compete in revamped Subway Players
2026-07-29 01:39:35,435 | INFO    | src.twitter  | توییتر: 29 حساب در 1.1s (FabrizioRomano, David_Ornstein, JamesPearceLFC, DavidLynchLFC, _pauljoyce, LFC)
2026-07-29 01:39:35,435 | INFO    | src.twitter  | رد شد (توییت کوتاه/مدیا): @JamesPearceLFC — Citi Field. Come on the Mets
2026-07-29 01:39:35,438 | INFO    | main         | جمع‌آوری شد: 7 آیتم
2026-07-29 01:39:35,439 | INFO    | main         | در این سیکل 0 خبر ارسال شد
2026-07-29 01:40:33,705 | INFO    | src.lfc      | رد شد (podcast): Pre-season tour podcast: Interviews, previews and Liverpool 
2026-07-29 01:40:34,723 | INFO    | src.lfc      | رد شد (photos:): Training photos: Day two of pre-season camp for LFC Women
2026-07-29 01:40:35,302 | INFO    | src.lfc      | رد شد (foundation): LFC Foundation hosts football clinic for families affected b
2026-07-29 01:40:35,908 | INFO    | src.lfc      | رد شد (photos:): Photos: Cody Gakpo and Virgil van Dijk begin pre-season at A
2026-07-29 01:40:36,903 | INFO    | src.lfc      | رد شد (watch all): Watch all of Leanne Kiernan's goals for Liverpool FC Women
2026-07-29 01:40:37,843 | INFO    | src.lfc      | رد شد (women): Leanne Kiernan completes permanent move to Newcastle United
2026-07-29 01:40:39,087 | INFO    | src.lfc      | رد شد (supporters club): We Love You Liverpool: Meet Official LFC Supporters Club... 
2026-07-29 01:40:39,483 | INFO    | src.lfc      | رد شد (women): Liverpool FC Women set to compete in revamped Subway Players
2026-07-29 01:40:40,157 | INFO    | src.twitter  | توییتر: 29 حساب در 0.7s (FabrizioRomano, David_Ornstein, JamesPearceLFC, DavidLynchLFC, _pauljoyce, LFC)
2026-07-29 01:40:40,158 | INFO    | src.twitter  | رد شد (توییت کوتاه/مدیا): @JamesPearceLFC — Citi Field. Come on the Mets
2026-07-29 01:40:40,160 | INFO    | main         | جمع‌آوری شد: 7 آیتم
2026-07-29 01:40:40,161 | INFO    | main         | در این سیکل 0 خبر ارسال شد
2026-07-29 01:41:33,206 | INFO    | src.lfc      | رد شد (podcast): Pre-season tour podcast: Interviews, previews and Liverpool 
2026-07-29 01:41:33,595 | INFO    | src.lfc      | رد شد (photos:): Training photos: Day two of pre-season camp for LFC Women
2026-07-29 01:41:33,984 | INFO    | src.lfc      | رد شد (foundation): LFC Foundation hosts football clinic for families affected b
2026-07-29 01:41:34,132 | INFO    | src.lfc      | رد شد (photos:): Photos: Cody Gakpo and Virgil van Dijk begin pre-season at A
2026-07-29 01:41:34,255 | INFO    | src.lfc      | رد شد (watch all): Watch all of Leanne Kiernan's goals for Liverpool FC Women
2026-07-29 01:41:34,396 | INFO    | src.lfc      | رد شد (women): Leanne Kiernan completes permanent move to Newcastle United
2026-07-29 01:41:34,545 | INFO    | src.lfc      | رد شد (supporters club): We Love You Liverpool: Meet Official LFC Supporters Club... 
2026-07-29 01:41:34,688 | INFO    | src.lfc      | رد شد (women): Liverpool FC Women set to compete in revamped Subway Players
2026-07-29 01:41:35,425 | INFO    | src.twitter  | توییتر: 29 حساب در 0.7s (FabrizioRomano, David_Ornstein, JamesPearceLFC, DavidLynchLFC, _pauljoyce, LFC)
2026-07-29 01:41:35,426 | INFO    | src.twitter  | رد شد (توییت کوتاه/مدیا): @JamesPearceLFC — Citi Field. Come on the Mets
2026-07-29 01:41:35,428 | INFO    | main         | جمع‌آوری شد: 7 آیتم
2026-07-29 01:41:35,429 | INFO    | main         | در این سیکل 0 خبر ارسال شد
2026-07-29 01:42:33,105 | INFO    | src.lfc      | رد شد (podcast): Pre-season tour podcast: Interviews, previews and Liverpool 
2026-07-29 01:42:33,472 | INFO    | src.lfc      | رد شد (photos:): Training photos: Day two of pre-season camp for LFC Women
2026-07-29 01:42:35,457 | INFO    | src.lfc      | رد شد (foundation): LFC Foundation hosts football clinic for families affected b
2026-07-29 01:42:35,714 | INFO    | src.lfc      | رد شد (photos:): Photos: Cody Gakpo and Virgil van Dijk begin pre-season at A
2026-07-29 01:42:35,905 | INFO    | src.lfc      | رد شد (watch all): Watch all of Leanne Kiernan's goals for Liverpool FC Women
2026-07-29 01:42:36,110 | INFO    | src.lfc      | رد شد (women): Leanne Kiernan completes permanent move to Newcastle United
2026-07-29 01:42:36,234 | INFO    | src.lfc      | رد شد (supporters club): We Love You Liverpool: Meet Official LFC Supporters Club... 
2026-07-29 01:42:36,352 | INFO    | src.lfc      | رد شد (women): Liverpool FC Women set to compete in revamped Subway Players
2026-07-29 01:42:37,917 | INFO    | src.twitter  | توییتر: 29 حساب در 1.6s (FabrizioRomano, David_Ornstein, JamesPearceLFC, DavidLynchLFC, _pauljoyce, LFC)
2026-07-29 01:42:37,918 | INFO    | src.twitter  | رد شد (توییت کوتاه/مدیا): @JamesPearceLFC — Citi Field. Come on the Mets
2026-07-29 01:42:37,920 | INFO    | main         | جمع‌آوری شد: 7 آیتم
2026-07-29 01:42:37,921 | INFO    | main         | در این سیکل 0 خبر ارسال شد
2026-07-29 01:43:33,538 | INFO    | src.lfc      | رد شد (podcast): Pre-season tour podcast: Interviews, previews and Liverpool 
2026-07-29 01:43:34,126 | INFO    | src.lfc      | رد شد (photos:): Training photos: Day two of pre-season camp for LFC Women
2026-07-29 01:43:34,594 | INFO    | src.lfc      | رد شد (foundation): LFC Foundation hosts football clinic for families affected b
2026-07-29 01:43:34,764 | INFO    | src.lfc      | رد شد (photos:): Photos: Cody Gakpo and Virgil van Dijk begin pre-season at A
2026-07-29 01:43:34,920 | INFO    | src.lfc      | رد شد (watch all): Watch all of Leanne Kiernan's goals for Liverpool FC Women
2026-07-29 01:43:35,074 | INFO    | src.lfc      | رد شد (women): Leanne Kiernan completes permanent move to Newcastle United
2026-07-29 01:43:35,233 | INFO    | src.lfc      | رد شد (supporters club): We Love You Liverpool: Meet Official LFC Supporters Club... 
2026-07-29 01:43:35,386 | INFO    | src.lfc      | رد شد (women): Liverpool FC Women set to compete in revamped Subway Players
2026-07-29 01:43:36,132 | INFO    | src.twitter  | توییتر: 29 حساب در 0.7s (FabrizioRomano, David_Ornstein, JamesPearceLFC, DavidLynchLFC, _pauljoyce, LFC)
2026-07-29 01:43:36,133 | INFO    | src.twitter  | رد شد (توییت کوتاه/مدیا): @JamesPearceLFC — Citi Field. Come on the Mets
2026-07-29 01:43:36,135 | INFO    | main         | جمع‌آوری شد: 7 آیتم
2026-07-29 01:43:36,136 | INFO    | main         | در این سیکل 0 خبر ارسال شد
2026-07-29 01:44:34,385 | INFO    | src.lfc      | رد شد (podcast): Pre-season tour podcast: Interviews, previews and Liverpool 
2026-07-29 01:44:35,280 | INFO    | src.lfc      | رد شد (photos:): Training photos: Day two of pre-season camp for LFC Women
2026-07-29 01:44:35,545 | INFO    | src.lfc      | رد شد (foundation): LFC Foundation hosts football clinic for families affected b
2026-07-29 01:44:35,929 | INFO    | src.lfc      | رد شد (photos:): Photos: Cody Gakpo and Virgil van Dijk begin pre-season at A
2026-07-29 01:44:36,988 | INFO    | src.lfc      | رد شد (watch all): Watch all of Leanne Kiernan's goals for Liverpool FC Women
2026-07-29 01:44:37,466 | INFO    | src.lfc      | رد شد (women): Leanne Kiernan completes permanent move to Newcastle United
2026-07-29 01:44:37,601 | INFO    | src.lfc      | رد شد (supporters club): We Love You Liverpool: Meet Official LFC Supporters Club... 
2026-07-29 01:44:38,001 | INFO    | src.lfc      | رد شد (women): Liverpool FC Women set to compete in revamped Subway Players
2026-07-29 01:44:40,162 | INFO    | src.twitter  | توییتر: 29 حساب در 2.2s (FabrizioRomano, David_Ornstein, JamesPearceLFC, DavidLynchLFC, _pauljoyce, LFC)
2026-07-29 01:44:40,163 | INFO    | src.twitter  | رد شد (توییت کوتاه/مدیا): @JamesPearceLFC — Citi Field. Come on the Mets
2026-07-29 01:44:40,165 | INFO    | main         | جمع‌آوری شد: 7 آیتم
2026-07-29 01:44:40,166 | INFO    | main         | در این سیکل 0 خبر ارسال شد
2026-07-29 01:45:33,086 | INFO    | src.lfc      | رد شد (podcast): Pre-season tour podcast: Interviews, previews and Liverpool 
2026-07-29 01:45:33,434 | INFO    | src.lfc      | رد شد (photos:): Training photos: Day two of pre-season camp for LFC Women
2026-07-29 01:45:34,587 | INFO    | src.lfc      | رد شد (foundation): LFC Foundation hosts football clinic for families affected b
2026-07-29 01:45:35,525 | INFO    | src.lfc      | رد شد (photos:): Photos: Cody Gakpo and Virgil van Dijk begin pre-season at A
2026-07-29 01:45:35,778 | INFO    | src.lfc      | رد شد (watch all): Watch all of Leanne Kiernan's goals for Liverpool FC Women
2026-07-29 01:45:35,940 | INFO    | src.lfc      | رد شد (women): Leanne Kiernan completes permanent move to Newcastle United
2026-07-29 01:45:36,154 | INFO    | src.lfc      | رد شد (supporters club): We Love You Liverpool: Meet Official LFC Supporters Club... 
2026-07-29 01:45:36,282 | INFO    | src.lfc      | رد شد (women): Liverpool FC Women set to compete in revamped Subway Players
2026-07-29 01:45:37,565 | INFO    | src.twitter  | توییتر: 29 حساب در 1.3s (FabrizioRomano, David_Ornstein, JamesPearceLFC, DavidLynchLFC, _pauljoyce, LFC)
2026-07-29 01:45:37,566 | INFO    | src.twitter  | رد شد (توییت کوتاه/مدیا): @JamesPearceLFC — Citi Field. Come on the Mets
2026-07-29 01:45:37,568 | INFO    | main         | جمع‌آوری شد: 7 آیتم
2026-07-29 01:45:37,569 | INFO    | main         | در این سیکل 0 خبر ارسال شد
2026-07-29 01:46:33,129 | INFO    | src.lfc      | رد شد (podcast): Pre-season tour podcast: Interviews, previews and Liverpool 
2026-07-29 01:46:33,418 | INFO    | src.lfc      | رد شد (photos:): Training photos: Day two of pre-season camp for LFC Women
2026-07-29 01:46:34,076 | INFO    | src.lfc      | رد شد (foundation): LFC Foundation hosts football clinic for families affected b
2026-07-29 01:46:34,199 | INFO    | src.lfc      | رد شد (photos:): Photos: Cody Gakpo and Virgil van Dijk begin pre-season at A
2026-07-29 01:46:34,327 | INFO    | src.lfc      | رد شد (watch all): Watch all of Leanne Kiernan's goals for Liverpool FC Women
2026-07-29 01:46:34,451 | INFO    | src.lfc      | رد شد (women): Leanne Kiernan completes permanent move to Newcastle United
2026-07-29 01:46:34,575 | INFO    | src.lfc      | رد شد (supporters club): We Love You Liverpool: Meet Official LFC Supporters Club... 
2026-07-29 01:46:34,830 | INFO    | src.lfc      | رد شد (women): Liverpool FC Women set to compete in revamped Subway Players
2026-07-29 01:46:35,661 | INFO    | src.twitter  | توییتر: 29 حساب در 0.8s (FabrizioRomano, David_Ornstein, JamesPearceLFC, DavidLynchLFC, _pauljoyce, LFC)
2026-07-29 01:46:35,662 | INFO    | src.twitter  | رد شد (توییت کوتاه/مدیا): @JamesPearceLFC — Citi Field. Come on the Mets
2026-07-29 01:46:35,664 | INFO    | main         | جمع‌آوری شد: 7 آیتم
2026-07-29 01:46:35,664 | INFO    | main         | در این سیکل 0 خبر ارسال شد
2026-07-29 01:47:35,527 | INFO    | src.lfc      | رد شد (podcast): Pre-season tour podcast: Interviews, previews and Liverpool 
2026-07-29 01:47:36,800 | INFO    | src.lfc      | رد شد (photos:): Training photos: Day two of pre-season camp for LFC Women
2026-07-29 01:47:37,667 | INFO    | src.lfc      | رد شد (foundation): LFC Foundation hosts football clinic for families affected b
2026-07-29 01:47:38,967 | INFO    | src.lfc      | رد شد (photos:): Photos: Cody Gakpo and Virgil van Dijk begin pre-season at A
2026-07-29 01:47:40,055 | INFO    | src.lfc      | رد شد (watch all): Watch all of Leanne Kiernan's goals for Liverpool FC Women
2026-07-29 01:47:40,573 | INFO    | src.lfc      | رد شد (women): Leanne Kiernan completes permanent move to Newcastle United
2026-07-29 01:47:41,181 | INFO    | src.lfc      | رد شد (supporters club): We Love You Liverpool: Meet Official LFC Supporters Club... 
2026-07-29 01:47:41,734 | INFO    | src.lfc      | رد شد (women): Liverpool FC Women set to compete in revamped Subway Players
2026-07-29 01:47:42,850 | INFO    | src.twitter  | توییتر: 29 حساب در 1.1s (FabrizioRomano, David_Ornstein, JamesPearceLFC, DavidLynchLFC, _pauljoyce, LFC)
2026-07-29 01:47:42,852 | INFO    | src.twitter  | رد شد (توییت کوتاه/مدیا): @JamesPearceLFC — Citi Field. Come on the Mets
2026-07-29 01:47:42,854 | INFO    | main         | جمع‌آوری شد: 7 آیتم
2026-07-29 01:47:42,854 | INFO    | main         | در این سیکل 0 خبر ارسال شد
2026-07-29 01:48:34,210 | INFO    | src.lfc      | رد شد (podcast): Pre-season tour podcast: Interviews, previews and Liverpool 
2026-07-29 01:48:35,076 | INFO    | src.lfc      | رد شد (photos:): Training photos: Day two of pre-season camp for LFC Women
2026-07-29 01:48:36,091 | INFO    | src.lfc      | رد شد (foundation): LFC Foundation hosts football clinic for families affected b
2026-07-29 01:48:36,420 | INFO    | src.lfc      | رد شد (photos:): Photos: Cody Gakpo and Virgil van Dijk begin pre-season at A
2026-07-29 01:48:36,842 | INFO    | src.lfc      | رد شد (watch all): Watch all of Leanne Kiernan's goals for Liverpool FC Women
2026-07-29 01:48:37,296 | INFO    | src.lfc      | رد شد (women): Leanne Kiernan completes permanent move to Newcastle United
2026-07-29 01:48:38,349 | INFO    | src.lfc      | رد شد (supporters club): We Love You Liverpool: Meet Official LFC Supporters Club... 
2026-07-29 01:48:38,681 | INFO    | src.lfc      | رد شد (women): Liverpool FC Women set to compete in revamped Subway Players
2026-07-29 01:48:40,720 | INFO    | src.twitter  | توییتر: 29 حساب در 2.0s (FabrizioRomano, David_Ornstein, JamesPearceLFC, DavidLynchLFC, _pauljoyce, LFC)
2026-07-29 01:48:40,721 | INFO    | src.twitter  | رد شد (توییت کوتاه/مدیا): @JamesPearceLFC — Citi Field. Come on the Mets
2026-07-29 01:48:40,723 | INFO    | main         | جمع‌آوری شد: 7 آیتم
2026-07-29 01:48:40,724 | INFO    | main         | در این سیکل 0 خبر ارسال شد
2026-07-29 01:49:33,341 | INFO    | src.lfc      | رد شد (podcast): Pre-season tour podcast: Interviews, previews and Liverpool 
2026-07-29 01:49:33,589 | INFO    | src.lfc      | رد شد (photos:): Training photos: Day two of pre-season camp for LFC Women
2026-07-29 01:49:34,112 | INFO    | src.lfc      | رد شد (foundation): LFC Foundation hosts football clinic for families affected b
2026-07-29 01:49:34,326 | INFO    | src.lfc      | رد شد (photos:): Photos: Cody Gakpo and Virgil van Dijk begin pre-season at A
2026-07-29 01:49:34,451 | INFO    | src.lfc      | رد شد (watch all): Watch all of Leanne Kiernan's goals for Liverpool FC Women
2026-07-29 01:49:34,576 | INFO    | src.lfc      | رد شد (women): Leanne Kiernan completes permanent move to Newcastle United
2026-07-29 01:49:34,707 | INFO    | src.lfc      | رد شد (supporters club): We Love You Liverpool: Meet Official LFC Supporters Club... 
2026-07-29 01:49:34,855 | INFO    | src.lfc      | رد شد (women): Liverpool FC Women set to compete in revamped Subway Players
2026-07-29 01:49:42,186 | INFO    | src.twitter  | توییتر: 29 حساب در 7.3s (FabrizioRomano, David_Ornstein, JamesPearceLFC, DavidLynchLFC, _pauljoyce, LFC)
2026-07-29 01:49:42,187 | INFO    | src.twitter  | رد شد (توییت کوتاه/مدیا): @JamesPearceLFC — Citi Field. Come on the Mets
2026-07-29 01:49:42,189 | INFO    | main         | جمع‌آوری شد: 7 آیتم
2026-07-29 01:49:42,190 | INFO    | main         | در این سیکل 0 خبر ارسال شد
2026-07-29 01:50:33,107 | INFO    | src.lfc      | رد شد (podcast): Pre-season tour podcast: Interviews, previews and Liverpool 
2026-07-29 01:50:33,571 | INFO    | src.lfc      | رد شد (photos:): Training photos: Day two of pre-season camp for LFC Women
2026-07-29 01:50:34,101 | INFO    | src.lfc      | رد شد (foundation): LFC Foundation hosts football clinic for families affected b
2026-07-29 01:50:34,447 | INFO    | src.lfc      | رد شد (photos:): Photos: Cody Gakpo and Virgil van Dijk begin pre-season at A
2026-07-29 01:50:34,599 | INFO    | src.lfc      | رد شد (watch all): Watch all of Leanne Kiernan's goals for Liverpool FC Women
2026-07-29 01:50:34,727 | INFO    | src.lfc      | رد شد (women): Leanne Kiernan completes permanent move to Newcastle United
2026-07-29 01:50:34,880 | INFO    | src.lfc      | رد شد (supporters club): We Love You Liverpool: Meet Official LFC Supporters Club... 
2026-07-29 01:50:35,076 | INFO    | src.lfc      | رد شد (women): Liverpool FC Women set to compete in revamped Subway Players
2026-07-29 01:50:36,110 | INFO    | src.twitter  | توییتر: 29 حساب در 1.0s (FabrizioRomano, David_Ornstein, JamesPearceLFC, DavidLynchLFC, _pauljoyce, LFC)
2026-07-29 01:50:36,111 | INFO    | src.twitter  | رد شد (توییت کوتاه/مدیا): @JamesPearceLFC — Citi Field. Come on the Mets
2026-07-29 01:50:36,113 | INFO    | main         | جمع‌آوری شد: 7 آیتم
2026-07-29 01:50:36,114 | INFO    | main         | در این سیکل 0 خبر ارسال شد
2026-07-29 01:51:33,473 | INFO    | src.lfc      | رد شد (podcast): Pre-season tour podcast: Interviews, previews and Liverpool 
2026-07-29 01:51:34,306 | INFO    | src.lfc      | رد شد (photos:): Training photos: Day two of pre-season camp for LFC Women
2026-07-29 01:51:34,591 | INFO    | src.lfc      | رد شد (foundation): LFC Foundation hosts football clinic for families affected b
2026-07-29 01:51:34,954 | INFO    | src.lfc      | رد شد (photos:): Photos: Cody Gakpo and Virgil van Dijk begin pre-season at A
2026-07-29 01:51:35,341 | INFO    | src.lfc      | رد شد (watch all): Watch all of Leanne Kiernan's goals for Liverpool FC Women
2026-07-29 01:51:35,742 | INFO    | src.lfc      | رد شد (women): Leanne Kiernan completes permanent move to Newcastle United
2026-07-29 01:51:36,235 | INFO    | src.lfc      | رد شد (supporters club): We Love You Liverpool: Meet Official LFC Supporters Club... 
2026-07-29 01:51:36,723 | INFO    | src.lfc      | رد شد (women): Liverpool FC Women set to compete in revamped Subway Players
2026-07-29 01:51:38,693 | INFO    | src.twitter  | توییتر: 29 حساب در 2.0s (FabrizioRomano, David_Ornstein, JamesPearceLFC, DavidLynchLFC, _pauljoyce, LFC)
2026-07-29 01:51:38,694 | INFO    | src.twitter  | رد شد (توییت کوتاه/مدیا): @JamesPearceLFC — Citi Field. Come on the Mets
2026-07-29 01:51:38,695 | INFO    | main         | جمع‌آوری شد: 7 آیتم
2026-07-29 01:51:38,696 | INFO    | main         | در این سیکل 0 خبر ارسال شد
2026-07-29 01:52:33,832 | INFO    | src.lfc      | رد شد (podcast): Pre-season tour podcast: Interviews, previews and Liverpool 
2026-07-29 01:52:34,121 | INFO    | src.lfc      | رد شد (photos:): Training photos: Day two of pre-season camp for LFC Women
2026-07-29 01:52:35,524 | INFO    | src.lfc      | رد شد (foundation): LFC Foundation hosts football clinic for families affected b
2026-07-29 01:52:35,787 | INFO    | src.lfc      | رد شد (photos:): Photos: Cody Gakpo and Virgil van Dijk begin pre-season at A
2026-07-29 01:52:37,364 | INFO    | src.lfc      | رد شد (watch all): Watch all of Leanne Kiernan's goals for Liverpool FC Women
2026-07-29 01:52:46,753 | INFO    | src.lfc      | رد شد (women): Leanne Kiernan completes permanent move to Newcastle United
2026-07-29 01:52:51,782 | INFO    | src.lfc      | رد شد (supporters club): We Love You Liverpool: Meet Official LFC Supporters Club... 
2026-07-29 01:52:52,075 | INFO    | src.lfc      | رد شد (women): Liverpool FC Women set to compete in revamped Subway Players
2026-07-29 01:52:53,698 | INFO    | src.twitter  | توییتر: 29 حساب در 1.6s (FabrizioRomano, David_Ornstein, JamesPearceLFC, DavidLynchLFC, _pauljoyce, LFC)
2026-07-29 01:52:53,699 | INFO    | src.twitter  | رد شد (توییت کوتاه/مدیا): @JamesPearceLFC — Citi Field. Come on the Mets
2026-07-29 01:52:53,702 | INFO    | main         | جمع‌آوری شد: 7 آیتم
2026-07-29 01:52:53,702 | INFO    | main         | در این سیکل 0 خبر ارسال شد
2026-07-29 01:53:33,464 | INFO    | src.lfc      | رد شد (podcast): Pre-season tour podcast: Interviews, previews and Liverpool 
2026-07-29 01:53:34,406 | INFO    | src.lfc      | رد شد (photos:): Training photos: Day two of pre-season camp for LFC Women
2026-07-29 01:53:34,993 | INFO    | src.lfc      | رد شد (foundation): LFC Foundation hosts football clinic for families affected b
2026-07-29 01:53:35,206 | INFO    | src.lfc      | رد شد (photos:): Photos: Cody Gakpo and Virgil van Dijk begin pre-season at A
2026-07-29 01:53:35,406 | INFO    | src.lfc      | رد شد (watch all): Watch all of Leanne Kiernan's goals for Liverpool FC Women
2026-07-29 01:53:35,581 | INFO    | src.lfc      | رد شد (women): Leanne Kiernan completes permanent move to Newcastle United
2026-07-29 01:53:35,787 | INFO    | src.lfc      | رد شد (supporters club): We Love You Liverpool: Meet Official LFC Supporters Club... 
2026-07-29 01:53:35,934 | INFO    | src.lfc      | رد شد (women): Liverpool FC Women set to compete in revamped Subway Players
2026-07-29 01:53:36,621 | INFO    | src.twitter  | توییتر: 29 حساب در 0.7s (FabrizioRomano, David_Ornstein, JamesPearceLFC, DavidLynchLFC, _pauljoyce, LFC)
2026-07-29 01:53:36,622 | INFO    | src.twitter  | رد شد (توییت کوتاه/مدیا): @JamesPearceLFC — Citi Field. Come on the Mets
2026-07-29 01:53:36,625 | INFO    | main         | جمع‌آوری شد: 7 آیتم
2026-07-29 01:53:36,626 | INFO    | main         | در این سیکل 0 خبر ارسال شد
2026-07-29 01:54:33,729 | INFO    | src.lfc      | رد شد (podcast): Pre-season tour podcast: Interviews, previews and Liverpool 
2026-07-29 01:54:34,969 | INFO    | src.lfc      | رد شد (photos:): Training photos: Day two of pre-season camp for LFC Women
2026-07-29 01:54:35,262 | INFO    | src.lfc      | رد شد (foundation): LFC Foundation hosts football clinic for families affected b
2026-07-29 01:54:35,718 | INFO    | src.lfc      | رد شد (photos:): Photos: Cody Gakpo and Virgil van Dijk begin pre-season at A
2026-07-29 01:54:36,282 | INFO    | src.lfc      | رد شد (watch all): Watch all of Leanne Kiernan's goals for Liverpool FC Women
2026-07-29 01:54:36,736 | INFO    | src.lfc      | رد شد (women): Leanne Kiernan completes permanent move to Newcastle United
2026-07-29 01:54:37,172 | INFO    | src.lfc      | رد شد (supporters club): We Love You Liverpool: Meet Official LFC Supporters Club... 
2026-07-29 01:54:37,586 | INFO    | src.lfc      | رد شد (women): Liverpool FC Women set to compete in revamped Subway Players
2026-07-29 01:54:38,440 | INFO    | src.twitter  | توییتر: 29 حساب در 0.9s (FabrizioRomano, David_Ornstein, JamesPearceLFC, DavidLynchLFC, _pauljoyce, LFC)
2026-07-29 01:54:38,440 | INFO    | src.twitter  | رد شد (توییت کوتاه/مدیا): @JamesPearceLFC — Citi Field. Come on the Mets
2026-07-29 01:54:38,442 | INFO    | main         | جمع‌آوری شد: 7 آیتم
2026-07-29 01:54:38,443 | INFO    | main         | در این سیکل 0 خبر ارسال شد
2026-07-29 01:55:34,148 | INFO    | src.lfc      | رد شد (podcast): Pre-season tour podcast: Interviews, previews and Liverpool 
2026-07-29 01:55:34,941 | INFO    | src.lfc      | رد شد (photos:): Training photos: Day two of pre-season camp for LFC Women
2026-07-29 01:55:36,852 | INFO    | src.lfc      | رد شد (foundation): LFC Foundation hosts football clinic for families affected b
2026-07-29 01:55:37,302 | INFO    | src.lfc      | رد شد (photos:): Photos: Cody Gakpo and Virgil van Dijk begin pre-season at A
2026-07-29 01:55:37,667 | INFO    | src.lfc      | رد شد (watch all): Watch all of Leanne Kiernan's goals for Liverpool FC Women
2026-07-29 01:55:37,885 | INFO    | src.lfc      | رد شد (women): Leanne Kiernan completes permanent move to Newcastle United
2026-07-29 01:55:38,045 | INFO    | src.lfc      | رد شد (supporters club): We Love You Liverpool: Meet Official LFC Supporters Club... 
2026-07-29 01:55:38,246 | INFO    | src.lfc      | رد شد (women): Liverpool FC Women set to compete in revamped Subway Players
2026-07-29 01:55:39,069 | INFO    | src.twitter  | توییتر: 29 حساب در 0.8s (FabrizioRomano, David_Ornstein, JamesPearceLFC, DavidLynchLFC, _pauljoyce, LFC)
2026-07-29 01:55:39,070 | INFO    | src.twitter  | رد شد (توییت کوتاه/مدیا): @JamesPearceLFC — Citi Field. Come on the Mets
2026-07-29 01:55:39,072 | INFO    | main         | جمع‌آوری شد: 7 آیتم
2026-07-29 01:55:39,073 | INFO    | main         | در این سیکل 0 خبر ارسال شد
2026-07-29 01:56:33,742 | INFO    | src.lfc      | رد شد (podcast): Pre-season tour podcast: Interviews, previews and Liverpool 
2026-07-29 01:56:34,174 | INFO    | src.lfc      | رد شد (photos:): Training photos: Day two of pre-season camp for LFC Women
2026-07-29 01:56:34,565 | INFO    | src.lfc      | رد شد (foundation): LFC Foundation hosts football clinic for families affected b
2026-07-29 01:56:34,757 | INFO    | src.lfc      | رد شد (photos:): Photos: Cody Gakpo and Virgil van Dijk begin pre-season at A
2026-07-29 01:56:34,951 | INFO    | src.lfc      | رد شد (watch all): Watch all of Leanne Kiernan's goals for Liverpool FC Women
2026-07-29 01:56:35,104 | INFO    | src.lfc      | رد شد (women): Leanne Kiernan completes permanent move to Newcastle United
2026-07-29 01:56:35,262 | INFO    | src.lfc      | رد شد (supporters club): We Love You Liverpool: Meet Official LFC Supporters Club... 
2026-07-29 01:56:35,427 | INFO    | src.lfc      | رد شد (women): Liverpool FC Women set to compete in revamped Subway Players
2026-07-29 01:56:36,236 | INFO    | src.twitter  | توییتر: 29 حساب در 0.8s (FabrizioRomano, David_Ornstein, JamesPearceLFC, DavidLynchLFC, _pauljoyce, LFC)
2026-07-29 01:56:36,237 | INFO    | src.twitter  | رد شد (توییت کوتاه/مدیا): @JamesPearceLFC — Citi Field. Come on the Mets
2026-07-29 01:56:36,239 | INFO    | main         | جمع‌آوری شد: 7 آیتم
2026-07-29 01:56:36,240 | INFO    | main         | در این سیکل 0 خبر ارسال شد
2026-07-29 01:57:09,743 | INFO    | main         | ترجمه: Liverpool are working on Bradley Barcola deal
2026-07-29 01:57:12,618 | INFO    | src.lfc      | رد شد (podcast): Pre-season tour podcast: Interviews, previews and Liverpool 
2026-07-29 01:57:12,908 | INFO    | src.lfc      | رد شد (photos:): Training photos: Day two of pre-season camp for LFC Women
2026-07-29 01:57:13,207 | INFO    | src.lfc      | رد شد (foundation): LFC Foundation hosts football clinic for families affected b
2026-07-29 01:57:13,472 | INFO    | src.lfc      | رد شد (photos:): Photos: Cody Gakpo and Virgil van Dijk begin pre-season at A
2026-07-29 01:57:13,615 | INFO    | src.lfc      | رد شد (watch all): Watch all of Leanne Kiernan's goals for Liverpool FC Women
2026-07-29 01:57:13,758 | INFO    | src.lfc      | رد شد (women): Leanne Kiernan completes permanent move to Newcastle United
2026-07-29 01:57:13,881 | INFO    | src.lfc      | رد شد (supporters club): We Love You Liverpool: Meet Official LFC Supporters Club... 
2026-07-29 01:57:14,023 | INFO    | src.lfc      | رد شد (women): Liverpool FC Women set to compete in revamped Subway Players
2026-07-29 01:57:14,808 | INFO    | src.twitter  | توییتر: 29 حساب در 0.8s (FabrizioRomano, David_Ornstein, JamesPearceLFC, DavidLynchLFC, _pauljoyce, LFC)
2026-07-29 01:57:14,809 | INFO    | src.twitter  | رد شد (توییت کوتاه/مدیا): @JamesPearceLFC — Citi Field. Come on the Mets
2026-07-29 01:57:14,810 | INFO    | main         | جمع‌آوری شد: 7 آیتم
2026-07-29 01:57:14,811 | INFO    | main         | ترجمه: Inside Training: Pre-season day one for Cody Gakpo and Virgil van Dijk
2026-07-29 01:57:15,083 | INFO    | guard        | نگهبان کانال: 19 پست اخیر خوانده شد
2026-07-29 01:57:16,740 | INFO    | main         | → در گروه قرار گرفت: Liverpool are working on Bradley Barcola deal
2026-07-29 01:57:22,641 | INFO    | main         | خبر مشترک با Paul Gorst
2026-07-29 01:57:23,176 | INFO    | main         | → در گروه قرار گرفت: Inside Training: Pre-season day one for Cody Gakpo and Virgil van Dijk
2026-07-29 01:57:25,177 | INFO    | main         | ترجمه: Bradley Barcola 'reaches verbal agreement' with Liverpool as blockbust
2026-07-29 01:57:33,653 | INFO    | src.lfc      | رد شد (podcast): Pre-season tour podcast: Interviews, previews and Liverpool 
2026-07-29 01:57:34,153 | INFO    | src.lfc      | رد شد (photos:): Training photos: Day two of pre-season camp for LFC Women
2026-07-29 01:57:34,405 | INFO    | src.lfc      | رد شد (foundation): LFC Foundation hosts football clinic for families affected b
2026-07-29 01:57:34,561 | INFO    | src.lfc      | رد شد (photos:): Photos: Cody Gakpo and Virgil van Dijk begin pre-season at A
2026-07-29 01:57:34,708 | INFO    | src.lfc      | رد شد (watch all): Watch all of Leanne Kiernan's goals for Liverpool FC Women
2026-07-29 01:57:34,829 | INFO    | src.lfc      | رد شد (women): Leanne Kiernan completes permanent move to Newcastle United
2026-07-29 01:57:35,019 | INFO    | src.lfc      | رد شد (supporters club): We Love You Liverpool: Meet Official LFC Supporters Club... 
2026-07-29 01:57:35,189 | INFO    | src.lfc      | رد شد (women): Liverpool FC Women set to compete in revamped Subway Players
2026-07-29 01:57:36,448 | INFO    | src.twitter  | توییتر: 29 حساب در 1.3s (FabrizioRomano, David_Ornstein, JamesPearceLFC, DavidLynchLFC, _pauljoyce, LFC)
2026-07-29 01:57:36,449 | INFO    | src.twitter  | رد شد (توییت کوتاه/مدیا): @JamesPearceLFC — Citi Field. Come on the Mets
2026-07-29 01:57:36,450 | INFO    | main         | جمع‌آوری شد: 7 آیتم
2026-07-29 01:57:36,451 | INFO    | main         | در این سیکل 0 خبر ارسال شد
2026-07-29 01:58:10,196 | WARNING | translate    | opencode-deepseek ناموفق → سرویس بعدی | HTTPSConnectionPool(host='opencode.ai', port=443): Read timed out. (read timeout=45)
2026-07-29 01:58:33,206 | INFO    | src.lfc      | رد شد (podcast): Pre-season tour podcast: Interviews, previews and Liverpool 
2026-07-29 01:58:33,804 | INFO    | src.lfc      | رد شد (photos:): Training photos: Day two of pre-season camp for LFC Women
2026-07-29 01:58:33,983 | INFO    | translate    | ترجمه با سرویس جایگزین انجام شد: opencode-ling
2026-07-29 01:58:34,152 | INFO    | src.lfc      | رد شد (foundation): LFC Foundation hosts football clinic for families affected b
2026-07-29 01:58:34,603 | INFO    | main         | → در گروه قرار گرفت: Bradley Barcola 'reaches verbal agreement' with Liverpool as blockbust
2026-07-29 01:58:34,610 | INFO    | src.lfc      | رد شد (photos:): Photos: Cody Gakpo and Virgil van Dijk begin pre-season at A
2026-07-29 01:58:35,009 | INFO    | src.lfc      | رد شد (watch all): Watch all of Leanne Kiernan's goals for Liverpool FC Women
2026-07-29 01:58:36,118 | INFO    | src.lfc      | رد شد (women): Leanne Kiernan completes permanent move to Newcastle United
2026-07-29 01:58:36,573 | INFO    | src.lfc      | رد شد (supporters club): We Love You Liverpool: Meet Official LFC Supporters Club... 
2026-07-29 01:58:36,604 | INFO    | main         | ترجمه: Liverpool’s flight from Chicago to New York has been cancelled due to 
2026-07-29 01:58:36,971 | INFO    | src.lfc      | رد شد (women): Liverpool FC Women set to compete in revamped Subway Players
2026-07-29 01:58:38,512 | INFO    | src.twitter  | توییتر: 29 حساب در 1.5s (FabrizioRomano, David_Ornstein, JamesPearceLFC, DavidLynchLFC, _pauljoyce, LFC)
2026-07-29 01:58:38,513 | INFO    | src.twitter  | رد شد (توییت کوتاه/مدیا): @JamesPearceLFC — Citi Field. Come on the Mets
2026-07-29 01:58:38,515 | INFO    | main         | جمع‌آوری شد: 7 آیتم
2026-07-29 01:58:38,515 | INFO    | main         | در این سیکل 0 خبر ارسال شد
2026-07-29 01:58:40,778 | INFO    | main         | هشدار کانال (100%): لغو پرواز لیورپول به نیویورک به دلیل شرایط جوی
2026-07-29 01:58:41,242 | INFO    | main         | → در گروه قرار گرفت: Liverpool’s flight from Chicago to New York has been cancelled due to 
2026-07-29 01:58:43,243 | INFO    | main         | ترجمه: Interview with Milos Kerkez.
Setting the record straight over summer w
2026-07-29 01:58:53,824 | INFO    | main         | → در گروه قرار گرفت: Interview with Milos Kerkez.
Setting the record straight over summer w
2026-07-29 01:58:55,826 | INFO    | main         | ترجمه: Liverpool assessed a number of wide options after missing out on Yan D
2026-07-29 01:59:01,401 | INFO    | main         | → در گروه قرار گرفت: Liverpool assessed a number of wide options after missing out on Yan D
2026-07-29 01:59:03,402 | INFO    | main         | در این سیکل 5 خبر ارسال شد
2026-07-29 01:59:33,669 | INFO    | src.lfc      | رد شد (podcast): Pre-season tour podcast: Interviews, previews and Liverpool 
2026-07-29 01:59:36,603 | INFO    | src.lfc      | رد شد (photos:): Training photos: Day two of pre-season camp for LFC Women
2026-07-29 01:59:40,171 | INFO    | src.lfc      | رد شد (foundation): LFC Foundation hosts football clinic for families affected b
2026-07-29 01:59:41,655 | INFO    | src.lfc      | رد شد (photos:): Photos: Cody Gakpo and Virgil van Dijk begin pre-season at A
2026-07-29 01:59:42,689 | INFO    | src.lfc      | رد شد (watch all): Watch all of Leanne Kiernan's goals for Liverpool FC Women
2026-07-29 01:59:43,714 | INFO    | src.lfc      | رد شد (women): Leanne Kiernan completes permanent move to Newcastle United
2026-07-29 01:59:44,745 | INFO    | src.lfc      | رد شد (supporters club): We Love You Liverpool: Meet Official LFC Supporters Club... 
2026-07-29 01:59:45,463 | INFO    | src.lfc      | رد شد (women): Liverpool FC Women set to compete in revamped Subway Players
2026-07-29 01:59:48,414 | INFO    | src.twitter  | توییتر: 29 حساب در 2.9s (FabrizioRomano, David_Ornstein, JamesPearceLFC, DavidLynchLFC, _pauljoyce, LFC)
2026-07-29 01:59:48,415 | INFO    | src.twitter  | رد شد (توییت کوتاه/مدیا): @JamesPearceLFC — Citi Field. Come on the Mets
2026-07-29 01:59:48,417 | INFO    | main         | جمع‌آوری شد: 7 آیتم
2026-07-29 01:59:48,417 | INFO    | main         | در این سیکل 0 خبر ارسال شد
2026-07-29 02:00:35,318 | INFO    | src.lfc      | رد شد (podcast): Pre-season tour podcast: Interviews, previews and Liverpool 
2026-07-29 02:00:36,813 | INFO    | src.lfc      | رد شد (photos:): Training photos: Day two of pre-season camp for LFC Women
2026-07-29 02:00:37,891 | INFO    | src.lfc      | رد شد (foundation): LFC Foundation hosts football clinic for families affected b
2026-07-29 02:00:38,553 | INFO    | src.lfc      | رد شد (photos:): Photos: Cody Gakpo and Virgil van Dijk begin pre-season at A
2026-07-29 02:00:38,931 | INFO    | src.lfc      | رد شد (watch all): Watch all of Leanne Kiernan's goals for Liverpool FC Women
2026-07-29 02:00:39,264 | INFO    | src.lfc      | رد شد (women): Leanne Kiernan completes permanent move to Newcastle United
2026-07-29 02:00:39,524 | INFO    | src.lfc      | رد شد (supporters club): We Love You Liverpool: Meet Official LFC Supporters Club... 
2026-07-29 02:00:39,689 | INFO    | src.lfc      | رد شد (women): Liverpool FC Women set to compete in revamped Subway Players
2026-07-29 02:00:40,347 | INFO    | src.twitter  | توییتر: 29 حساب در 0.7s (FabrizioRomano, David_Ornstein, JamesPearceLFC, DavidLynchLFC, _pauljoyce, LFC)
2026-07-29 02:00:40,348 | INFO    | src.twitter  | رد شد (توییت کوتاه/مدیا): @JamesPearceLFC — Citi Field. Come on the Mets
2026-07-29 02:00:40,350 | INFO    | main         | جمع‌آوری شد: 7 آیتم
2026-07-29 02:00:40,351 | INFO    | main         | در این سیکل 0 خبر ارسال شد
2026-07-29 02:01:33,284 | INFO    | src.lfc      | رد شد (podcast): Pre-season tour podcast: Interviews, previews and Liverpool 
2026-07-29 02:01:33,864 | INFO    | src.lfc      | رد شد (photos:): Training photos: Day two of pre-season camp for LFC Women
2026-07-29 02:01:34,141 | INFO    | src.lfc      | رد شد (foundation): LFC Foundation hosts football clinic for families affected b
2026-07-29 02:01:34,721 | INFO    | src.lfc      | رد شد (photos:): Photos: Cody Gakpo and Virgil van Dijk begin pre-season at A
2026-07-29 02:01:35,058 | INFO    | src.lfc      | رد شد (watch all): Watch all of Leanne Kiernan's goals for Liverpool FC Women
2026-07-29 02:01:36,522 | INFO    | src.lfc      | رد شد (women): Leanne Kiernan completes permanent move to Newcastle United
2026-07-29 02:01:36,920 | INFO    | src.lfc      | رد شد (supporters club): We Love You Liverpool: Meet Official LFC Supporters Club... 
2026-07-29 02:01:37,938 | INFO    | src.lfc      | رد شد (women): Liverpool FC Women set to compete in revamped Subway Players
2026-07-29 02:01:39,574 | INFO    | src.twitter  | توییتر: 29 حساب در 1.6s (FabrizioRomano, David_Ornstein, JamesPearceLFC, DavidLynchLFC, _pauljoyce, LFC)
2026-07-29 02:01:39,575 | INFO    | src.twitter  | رد شد (توییت کوتاه/مدیا): @JamesPearceLFC — Citi Field. Come on the Mets
2026-07-29 02:01:39,577 | INFO    | main         | جمع‌آوری شد: 7 آیتم
2026-07-29 02:01:39,578 | INFO    | main         | در این سیکل 0 خبر ارسال شد
2026-07-31 01:03:18,127 | INFO    | main         | متصل شد به @lfc_news_development_bot | حالت انتشار: manual
2026-07-31 01:03:18,129 | INFO    | main         | سرویس فعال شد — چک منابع هر 60 ثانیه
2026-07-31 01:03:21,595 | INFO    | src.lfc      | رد شد (gallery:): Gallery: Pre-season training continues for LFC Women in Wale
2026-07-31 01:03:24,618 | WARNING | src.base     | GET https://lightbrd.com/FabrizioRomano/rss -> 403
2026-07-31 01:03:24,692 | WARNING | src.base     | GET https://nitter.space/FabrizioRomano/rss -> 403
2026-07-31 01:03:25,503 | WARNING | src.base     | GET https://rsshub.rssforever.com/twitter/user/FabrizioRomano -> 503
2026-07-31 01:03:25,894 | WARNING | src.base     | GET https://xcancel.com/FabrizioRomano/rss -> 400
2026-07-31 01:03:51,555 | INFO    | src.twitter  | آینه فعال توییتر: https://nitter.net (18 توییت، 0.8s)
2026-07-31 01:03:53,174 | INFO    | src.twitter  | توییتر: 29 حساب در 1.6s (FabrizioRomano, David_Ornstein, JamesPearceLFC, DavidLynchLFC, _pauljoyce, LFC)
2026-07-31 01:03:53,175 | INFO    | src.twitter  | رد شد (توییت کوتاه/مدیا): @LFC — The winner at Yankee Stadium 🙌  Video
2026-07-31 01:03:53,177 | INFO    | main         | جمع‌آوری شد: 10 آیتم
2026-07-31 01:03:53,313 | INFO    | main         | ترجمه: Watch Iraola and Szoboszlai's press conferences in Chicago on Thursday
2026-07-31 01:04:19,443 | INFO    | guard        | نگهبان کانال: 21 پست اخیر خوانده شد
2026-07-31 01:04:20,133 | ERROR   | telegram     | telegram sendPhoto failed: 400 — Bad Request: chat not found
2026-07-31 01:04:20,133 | INFO    | telegram     | تلگرام نتوانست عکس را خودش بگیرد — دانلود و آپلود دستی…
2026-07-31 01:04:22,998 | ERROR   | telegram     | telegram upload_photo failed: Bad Request: chat not found
2026-07-31 01:04:22,998 | WARNING | telegram     | ارسال با عکس نشد (Bad Request: chat not found) — فقط متن می‌رود
2026-07-31 01:04:23,184 | ERROR   | telegram     | telegram sendMessage failed: 400 — Bad Request: chat not found
2026-07-31 01:04:23,185 | ERROR   | main         | ارسال به گروه ناموفق بود (ADMIN_CHAT_ID را چک کن)
2026-07-31 01:04:23,186 | INFO    | main         | ترجمه: Andoni Iraola press conference: Chicago benefits, Ngumoha and Wirtz po
2026-07-31 01:04:39,260 | INFO    | main         | خاموش شد.
2026-07-31 01:04:44,671 | INFO    | main         | متصل شد به @lfc_news_development_bot | حالت انتشار: manual
2026-07-31 01:04:44,672 | INFO    | main         | سرویس فعال شد — چک منابع هر 60 ثانیه
2026-07-31 01:04:45,789 | INFO    | src.lfc      | رد شد (gallery:): Gallery: Pre-season training continues for LFC Women in Wale
2026-07-31 01:04:47,805 | INFO    | src.twitter  | توییتر: 29 حساب در 1.4s (FabrizioRomano, David_Ornstein, JamesPearceLFC, DavidLynchLFC, _pauljoyce, LFC)
2026-07-31 01:04:47,806 | INFO    | src.twitter  | رد شد (توییت کوتاه/مدیا): @LFC — The winner at Yankee Stadium 🙌  Video
2026-07-31 01:04:47,808 | INFO    | main         | جمع‌آوری شد: 10 آیتم
2026-07-31 01:04:47,829 | INFO    | main         | ترجمه: Andoni Iraola press conference: Chicago benefits, Ngumoha and Wirtz po
2026-07-31 01:05:33,478 | WARNING | translate    | opencode-deepseek ناموفق → سرویس بعدی | HTTPSConnectionPool(host='opencode.ai', port=443): Read timed out. (read timeout=45)
2026-07-31 01:06:19,247 | WARNING | translate    | opencode-ling ناموفق → سرویس بعدی | HTTPSConnectionPool(host='opencode.ai', port=443): Read timed out. (read timeout=45)
2026-07-31 01:06:21,330 | INFO    | translate    | ترجمه با سرویس جایگزین انجام شد: groq
2026-07-31 01:06:22,243 | INFO    | guard        | نگهبان کانال: 21 پست اخیر خوانده شد
2026-07-31 01:06:23,353 | INFO    | main         | → در گروه قرار گرفت: Andoni Iraola press conference: Chicago benefits, Ngumoha and Wirtz po
2026-07-31 01:06:25,354 | INFO    | main         | ترجمه: Dominik Szoboszlai: I want to step up and be an example for Liverpool
2026-07-31 01:07:11,163 | WARNING | translate    | opencode-deepseek ناموفق → سرویس بعدی | HTTPSConnectionPool(host='opencode.ai', port=443): Read timed out. (read timeout=45)
2026-07-31 01:07:56,841 | WARNING | translate    | opencode-ling ناموفق → سرویس بعدی | HTTPSConnectionPool(host='opencode.ai', port=443): Read timed out. (read timeout=45)
2026-07-31 01:08:00,909 | INFO    | translate    | ترجمه با سرویس جایگزین انجام شد: groq
2026-07-31 01:08:01,924 | INFO    | main         | → در گروه قرار گرفت: Dominik Szoboszlai: I want to step up and be an example for Liverpool
2026-07-31 01:08:03,925 | INFO    | main         | ترجمه: Andoni Iraola offers update on Joe Gomez injury
2026-07-31 01:08:49,631 | WARNING | health       | ALERT | ⚠️ سرویس <b>opencode-deepseek</b> از مدار خارج شد دلیل: <code>HTTPSConnectionPool(host='opencode.ai', port=443): Read timed out. (read timeout=45)</code> فعلاً رد می‌شود و سرویس بعدی زنجیره کار را ادامه می‌دهد.
2026-07-31 01:08:49,848 | WARNING | translate    | opencode-deepseek ناموفق → سرویس بعدی | HTTPSConnectionPool(host='opencode.ai', port=443): Read timed out. (read timeout=45)
2026-07-31 01:09:35,567 | WARNING | health       | ALERT | ⚠️ سرویس <b>opencode-ling</b> از مدار خارج شد دلیل: <code>HTTPSConnectionPool(host='opencode.ai', port=443): Read timed out. (read timeout=45)</code> فعلاً رد می‌شود و سرویس بعدی زنجیره کار را ادامه می‌دهد.
2026-07-31 01:09:35,859 | WARNING | translate    | opencode-ling ناموفق → سرویس بعدی | HTTPSConnectionPool(host='opencode.ai', port=443): Read timed out. (read timeout=45)
2026-07-31 01:09:38,749 | INFO    | translate    | ترجمه با سرویس جایگزین انجام شد: groq
2026-07-31 01:09:39,256 | INFO    | main         | → در گروه قرار گرفت: Andoni Iraola offers update on Joe Gomez injury
2026-07-31 01:09:41,258 | INFO    | main         | ترجمه: Harvey Elliott: Putting on the Liverpool kit again is a feeling like n
2026-07-31 01:09:41,259 | INFO    | translate    | opencode-deepseek فعلاً کنار گذاشته شده (248ث دیگر)
2026-07-31 01:09:41,259 | INFO    | translate    | opencode-ling فعلاً کنار گذاشته شده (294ث دیگر)
2026-07-31 01:09:43,316 | INFO    | translate    | ترجمه با سرویس جایگزین انجام شد: groq
2026-07-31 01:09:43,806 | INFO    | main         | → در گروه قرار گرفت: Harvey Elliott: Putting on the Liverpool kit again is a feeling like n
2026-07-31 01:09:45,807 | INFO    | main         | ترجمه: Harvey Elliott opens up about the mental toll of being frozen out at A
2026-07-31 01:09:45,807 | INFO    | translate    | opencode-deepseek فعلاً کنار گذاشته شده (243ث دیگر)
2026-07-31 01:09:45,808 | INFO    | translate    | opencode-ling فعلاً کنار گذاشته شده (289ث دیگر)
2026-07-31 01:09:47,356 | INFO    | translate    | ترجمه با سرویس جایگزین انجام شد: groq
2026-07-31 01:09:47,790 | INFO    | main         | → در گروه قرار گرفت: Harvey Elliott opens up about the mental toll of being frozen out at A
2026-07-31 01:09:49,791 | INFO    | main         | در این سیکل 5 خبر ارسال شد
2026-07-31 01:09:57,210 | INFO    | src.lfc      | رد شد (gallery:): Gallery: Pre-season training continues for LFC Women in Wale
2026-07-31 01:10:01,986 | INFO    | src.twitter  | توییتر: 29 حساب در 2.1s (FabrizioRomano, David_Ornstein, JamesPearceLFC, DavidLynchLFC, _pauljoyce, LFC)
2026-07-31 01:10:01,988 | INFO    | src.twitter  | رد شد (توییت کوتاه/مدیا): @LFC — The winner at Yankee Stadium 🙌  Video
2026-07-31 01:10:01,990 | INFO    | main         | جمع‌آوری شد: 10 آیتم
2026-07-31 01:10:01,991 | INFO    | main         | ترجمه: Trey Nyoni was considered by Arne Slot to be close to a first-team bre
2026-07-31 01:10:01,991 | INFO    | translate    | opencode-deepseek فعلاً کنار گذاشته شده (227ث دیگر)
2026-07-31 01:10:01,991 | INFO    | translate    | opencode-ling فعلاً کنار گذاشته شده (273ث دیگر)
2026-07-31 01:10:03,402 | INFO    | translate    | ترجمه با سرویس جایگزین انجام شد: groq
2026-07-31 01:10:03,822 | INFO    | main         | → در گروه قرار گرفت: Trey Nyoni was considered by Arne Slot to be close to a first-team bre
2026-07-31 01:10:05,824 | INFO    | main         | ترجمه: Lots to take from Liverpool's second friendly of the tour, including T
2026-07-31 01:10:05,824 | INFO    | translate    | opencode-deepseek فعلاً کنار گذاشته شده (223ث دیگر)
2026-07-31 01:10:05,824 | INFO    | translate    | opencode-ling فعلاً کنار گذاشته شده (269ث دیگر)
2026-07-31 01:10:07,264 | INFO    | translate    | ترجمه با سرویس جایگزین انجام شد: groq
2026-07-31 01:10:07,895 | INFO    | main         | → در گروه قرار گرفت: Lots to take from Liverpool's second friendly of the tour, including T
2026-07-31 01:10:09,896 | INFO    | main         | ترجمه: A round-up from Andoni Iraola's latest press conference from our pre-s
2026-07-31 01:10:09,896 | INFO    | translate    | opencode-deepseek فعلاً کنار گذاشته شده (219ث دیگر)
2026-07-31 01:10:09,896 | INFO    | translate    | opencode-ling فعلاً کنار گذاشته شده (265ث دیگر)
2026-07-31 01:10:11,431 | INFO    | translate    | ترجمه با سرویس جایگزین انجام شد: groq
2026-07-31 01:10:11,722 | ERROR   | telegram     | telegram sendPhoto failed: 400 — Bad Request: wrong type of the web page content
2026-07-31 01:10:11,723 | INFO    | telegram     | تلگرام نتوانست عکس را خودش بگیرد — دانلود و آپلود دستی…
2026-07-31 01:10:12,425 | WARNING | telegram     | fetch_image https://pbs.twimg.com/pbs.twimg.com/media/HOftYmOXsAADrZ-.jpg → HTTP 404 (0 bytes)
2026-07-31 01:10:12,425 | WARNING | telegram     | ارسال با عکس نشد (دانلود عکس: HTTP 404) — فقط متن می‌رود
2026-07-31 01:10:12,853 | INFO    | main         | → در گروه قرار گرفت: A round-up from Andoni Iraola's latest press conference from our pre-s
2026-07-31 01:10:14,854 | INFO    | main         | در این سیکل 3 خبر ارسال شد
2026-07-31 01:10:55,348 | INFO    | src.lfc      | رد شد (gallery:): Gallery: Pre-season training continues for LFC Women in Wale
2026-07-31 01:10:57,302 | INFO    | src.twitter  | توییتر: 29 حساب در 1.0s (FabrizioRomano, David_Ornstein, JamesPearceLFC, DavidLynchLFC, _pauljoyce, LFC)
2026-07-31 01:10:57,303 | INFO    | src.twitter  | رد شد (توییت کوتاه/مدیا): @LFC — The winner at Yankee Stadium 🙌  Video
2026-07-31 01:10:57,305 | INFO    | main         | جمع‌آوری شد: 10 آیتم
2026-07-31 01:10:57,306 | INFO    | main         | در این سیکل 0 خبر ارسال شد
2026-07-31 01:11:55,489 | INFO    | src.lfc      | رد شد (gallery:): Gallery: Pre-season training continues for LFC Women in Wale
2026-07-31 01:11:57,802 | INFO    | src.twitter  | توییتر: 29 حساب در 0.9s (FabrizioRomano, David_Ornstein, JamesPearceLFC, DavidLynchLFC, _pauljoyce, LFC)
2026-07-31 01:11:57,803 | INFO    | src.twitter  | رد شد (توییت کوتاه/مدیا): @LFC — The winner at Yankee Stadium 🙌  Video
2026-07-31 01:11:57,805 | INFO    | main         | جمع‌آوری شد: 10 آیتم
2026-07-31 01:11:57,806 | INFO    | main         | در این سیکل 0 خبر ارسال شد
2026-07-31 01:12:55,694 | INFO    | src.lfc      | رد شد (gallery:): Gallery: Pre-season training continues for LFC Women in Wale
2026-07-31 01:12:57,517 | INFO    | src.twitter  | توییتر: 29 حساب در 0.8s (FabrizioRomano, David_Ornstein, JamesPearceLFC, DavidLynchLFC, _pauljoyce, LFC)
2026-07-31 01:12:57,518 | INFO    | src.twitter  | رد شد (توییت کوتاه/مدیا): @LFC — The winner at Yankee Stadium 🙌  Video
2026-07-31 01:12:57,520 | INFO    | main         | جمع‌آوری شد: 10 آیتم
2026-07-31 01:12:57,521 | INFO    | main         | در این سیکل 0 خبر ارسال شد
2026-07-31 01:13:57,270 | INFO    | src.lfc      | رد شد (gallery:): Gallery: Pre-season training continues for LFC Women in Wale
2026-07-31 01:14:00,239 | INFO    | src.twitter  | توییتر: 29 حساب در 0.9s (FabrizioRomano, David_Ornstein, JamesPearceLFC, DavidLynchLFC, _pauljoyce, LFC)
2026-07-31 01:14:00,240 | INFO    | src.twitter  | رد شد (توییت کوتاه/مدیا): @LFC — The winner at Yankee Stadium 🙌  Video
2026-07-31 01:14:00,242 | INFO    | main         | جمع‌آوری شد: 10 آیتم
2026-07-31 01:14:00,243 | INFO    | main         | در این سیکل 0 خبر ارسال شد
2026-07-31 01:14:55,397 | INFO    | src.lfc      | رد شد (gallery:): Gallery: Pre-season training continues for LFC Women in Wale
2026-07-31 01:14:56,981 | INFO    | src.twitter  | توییتر: 29 حساب در 1.0s (FabrizioRomano, David_Ornstein, JamesPearceLFC, DavidLynchLFC, _pauljoyce, LFC)
2026-07-31 01:14:56,982 | INFO    | src.twitter  | رد شد (توییت کوتاه/مدیا): @LFC — The winner at Yankee Stadium 🙌  Video
2026-07-31 01:14:56,984 | INFO    | main         | جمع‌آوری شد: 10 آیتم
2026-07-31 01:14:56,985 | INFO    | main         | در این سیکل 0 خبر ارسال شد
2026-07-31 01:15:56,783 | INFO    | src.lfc      | رد شد (gallery:): Gallery: Pre-season training continues for LFC Women in Wale
2026-07-31 01:15:59,411 | INFO    | src.twitter  | توییتر: 29 حساب در 1.4s (FabrizioRomano, David_Ornstein, JamesPearceLFC, DavidLynchLFC, _pauljoyce, LFC)
2026-07-31 01:15:59,412 | INFO    | src.twitter  | رد شد (توییت کوتاه/مدیا): @LFC — The winner at Yankee Stadium 🙌  Video
2026-07-31 01:15:59,414 | INFO    | main         | جمع‌آوری شد: 10 آیتم
2026-07-31 01:15:59,416 | INFO    | main         | در این سیکل 0 خبر ارسال شد
2026-07-31 01:16:57,372 | INFO    | src.lfc      | رد شد (gallery:): Gallery: Pre-season training continues for LFC Women in Wale
2026-07-31 01:16:59,176 | INFO    | src.twitter  | توییتر: 29 حساب در 0.8s (FabrizioRomano, David_Ornstein, JamesPearceLFC, DavidLynchLFC, _pauljoyce, LFC)
2026-07-31 01:16:59,177 | INFO    | src.twitter  | رد شد (توییت کوتاه/مدیا): @LFC — The winner at Yankee Stadium 🙌  Video
2026-07-31 01:16:59,180 | INFO    | main         | جمع‌آوری شد: 10 آیتم
2026-07-31 01:16:59,181 | INFO    | main         | ترجمه: Watch live on Friday: Liverpool in pre-season training in Chicago
2026-07-31 01:17:44,786 | WARNING | translate    | opencode-deepseek ناموفق → سرویس بعدی | HTTPSConnectionPool(host='opencode.ai', port=443): Read timed out. (read timeout=45)
2026-07-31 01:17:53,670 | WARNING | health       | ALERT | ✅ دوباره سر پا شد: <b>opencode-ling</b>
2026-07-31 01:17:54,330 | INFO    | translate    | ترجمه با سرویس جایگزین انجام شد: opencode-ling
2026-07-31 01:17:55,464 | INFO    | guard        | نگهبان کانال: 21 پست اخیر خوانده شد
2026-07-31 01:17:56,375 | INFO    | main         | → در گروه قرار گرفت: Watch live on Friday: Liverpool in pre-season training in Chicago
2026-07-31 01:17:58,376 | INFO    | main         | در این سیکل 1 خبر ارسال شد
2026-07-31 01:18:04,234 | INFO    | src.lfc      | رد شد (gallery:): Gallery: Pre-season training continues for LFC Women in Wale
2026-07-31 01:18:06,822 | INFO    | src.twitter  | توییتر: 29 حساب در 1.2s (FabrizioRomano, David_Ornstein, JamesPearceLFC, DavidLynchLFC, _pauljoyce, LFC)
2026-07-31 01:18:06,823 | INFO    | src.twitter  | رد شد (توییت کوتاه/مدیا): @LFC — The winner at Yankee Stadium 🙌  Video
2026-07-31 01:18:06,826 | INFO    | main         | جمع‌آوری شد: 10 آیتم
2026-07-31 01:18:06,827 | INFO    | main         | در این سیکل 0 خبر ارسال شد
2026-07-31 01:19:04,548 | INFO    | src.lfc      | رد شد (gallery:): Gallery: Pre-season training continues for LFC Women in Wale
2026-07-31 01:19:06,518 | INFO    | src.twitter  | توییتر: 29 حساب در 1.3s (FabrizioRomano, David_Ornstein, JamesPearceLFC, DavidLynchLFC, _pauljoyce, LFC)
2026-07-31 01:19:06,519 | INFO    | src.twitter  | رد شد (توییت کوتاه/مدیا): @LFC — The winner at Yankee Stadium 🙌  Video
2026-07-31 01:19:06,521 | INFO    | main         | جمع‌آوری شد: 10 آیتم
2026-07-31 01:19:06,522 | INFO    | main         | در این سیکل 0 خبر ارسال شد
2026-07-31 01:19:42,012 | INFO    | main         | خاموش شد.
2026-07-31 03:24:55,733 | INFO    | main         | متصل شد به @lfc_news_development_bot | حالت انتشار: manual
2026-07-31 03:24:55,734 | INFO    | main         | بررسی کلیک‌های در انتظار (دکمه/دستور) قبل از سیکل جدید...
2026-07-31 03:25:02,215 | INFO    | src.lfc      | رد شد (gallery:): Gallery: Pre-season training continues for LFC Women in Wale
2026-07-31 03:25:03,042 | WARNING | src.base     | GET https://lightbrd.com/FabrizioRomano/rss -> 403
2026-07-31 03:25:03,285 | WARNING | src.base     | GET https://nitter.space/FabrizioRomano/rss -> 403
2026-07-31 03:25:03,915 | WARNING | src.base     | GET https://rsshub.rssforever.com/twitter/user/FabrizioRomano -> 503
2026-07-31 03:25:04,519 | WARNING | src.base     | GET https://xcancel.com/FabrizioRomano/rss -> 400
2026-07-31 03:25:15,698 | INFO    | src.twitter  | آینه فعال توییتر: https://nitter.net (18 توییت، 0.6s)
2026-07-31 03:25:17,789 | INFO    | src.twitter  | توییتر: 29 حساب در 2.1s (FabrizioRomano, David_Ornstein, JamesPearceLFC, DavidLynchLFC, _pauljoyce, LFC)
2026-07-31 03:25:17,791 | INFO    | src.twitter  | رد شد (توییت کوتاه/مدیا): @LFC — The winner at Yankee Stadium 🙌  Video
2026-07-31 03:25:17,792 | INFO    | main         | جمع‌آوری شد: 10 آیتم
2026-07-31 03:25:17,793 | INFO    | main         | ترجمه: Sunday: Watch live as Liverpool face Leeds United in Chicago
2026-07-31 03:25:17,814 | INFO    | LiteLLM Router | Routing strategy: simple-shuffle
2026-07-31 03:25:17,817 | INFO    | translate    | زنجیره LiteLLM آماده شد: qwen3.7-plus → groq → gemini-flash-lite → ling-openrouter → groq-qwen → openrouter → gemini-flash → nemotron-super
2026-07-31 03:25:27,350 | INFO    | LiteLLM Router | litellm.completion(model=openai/qwen3.7-plus)[32m 200 OK[0m
2026-07-31 03:25:28,250 | INFO    | guard        | نگهبان کانال: 21 پست اخیر خوانده شد
2026-07-31 03:25:28,650 | INFO    | main         | → در گروه قرار گرفت: Sunday: Watch live as Liverpool face Leeds United in Chicago
2026-07-31 03:25:30,652 | INFO    | main         | ترجمه: Watch live on Friday: Liverpool in pre-season training in Chicago
2026-07-31 03:25:37,721 | INFO    | LiteLLM Router | litellm.completion(model=openai/qwen3.7-plus)[32m 200 OK[0m
2026-07-31 03:25:38,082 | INFO    | main         | → در گروه قرار گرفت: Watch live on Friday: Liverpool in pre-season training in Chicago
2026-07-31 03:25:40,083 | INFO    | main         | ترجمه: Watch Iraola and Szoboszlai's press conferences in Chicago on Thursday
2026-07-31 03:25:48,307 | INFO    | LiteLLM Router | litellm.completion(model=openai/qwen3.7-plus)[32m 200 OK[0m
2026-07-31 03:25:48,780 | INFO    | main         | → در گروه قرار گرفت: Watch Iraola and Szoboszlai's press conferences in Chicago on Thursday
2026-07-31 03:25:50,780 | INFO    | main         | ترجمه: Andoni Iraola press conference: Chicago benefits, Ngumoha and Wirtz po
2026-07-31 03:26:01,641 | INFO    | LiteLLM Router | litellm.completion(model=openai/qwen3.7-plus)[32m 200 OK[0m
2026-07-31 03:26:02,170 | INFO    | main         | → در گروه قرار گرفت: Andoni Iraola press conference: Chicago benefits, Ngumoha and Wirtz po
2026-07-31 03:26:04,171 | INFO    | main         | ترجمه: Dominik Szoboszlai: I want to step up and be an example for Liverpool
2026-07-31 03:26:15,530 | INFO    | LiteLLM Router | litellm.completion(model=openai/qwen3.7-plus)[32m 200 OK[0m
2026-07-31 03:26:15,925 | INFO    | main         | → در گروه قرار گرفت: Dominik Szoboszlai: I want to step up and be an example for Liverpool
2026-07-31 03:26:17,926 | INFO    | main         | در این سیکل 5 خبر ارسال شد
2026-07-31 03:26:17,926 | INFO    | main         | سیکل تمام شد و ربات بسته شد — دکمه‌ها فقط وقتی کار می‌کنند که ربات روشن باشد: python main.py
2026-07-31 03:38:10,289 | INFO    | main         | متصل شد به @lfc_news_development_bot | حالت انتشار: manual
2026-07-31 03:38:10,289 | INFO    | main         | بررسی کلیک‌های در انتظار (دکمه/دستور) قبل از سیکل جدید...
2026-07-31 03:38:19,436 | INFO    | src.lfc      | رد شد (gallery:): Gallery: Pre-season training continues for LFC Women in Wale
2026-07-31 03:38:21,358 | INFO    | src.twitter  | توییتر: 29 حساب در 1.4s (FabrizioRomano, David_Ornstein, JamesPearceLFC, DavidLynchLFC, _pauljoyce, LFC)
2026-07-31 03:38:21,360 | INFO    | src.twitter  | رد شد (توییت کوتاه/مدیا): @LFC — The winner at Yankee Stadium 🙌  Video
2026-07-31 03:38:21,362 | INFO    | main         | جمع‌آوری شد: 10 آیتم
2026-07-31 03:38:21,362 | INFO    | main         | ترجمه: Sunday: Watch live as Liverpool face Leeds United in Chicago
2026-07-31 03:38:21,387 | INFO    | LiteLLM Router | Routing strategy: simple-shuffle
2026-07-31 03:38:21,389 | INFO    | translate    | زنجیره LiteLLM آماده شد: qwen3.7-plus → groq → gemini-flash-lite → ling-openrouter → groq-qwen → openrouter → gemini-flash → nemotron-super
2026-07-31 03:38:31,859 | INFO    | LiteLLM Router | litellm.completion(model=openai/qwen3.7-plus)[32m 200 OK[0m
2026-07-31 03:38:32,761 | INFO    | guard        | نگهبان کانال: 21 پست اخیر خوانده شد
2026-07-31 03:38:34,606 | INFO    | main         | → در گروه قرار گرفت: Sunday: Watch live as Liverpool face Leeds United in Chicago
2026-07-31 03:38:36,607 | INFO    | main         | ترجمه: Watch live on Friday: Liverpool in pre-season training in Chicago
2026-07-31 03:38:45,105 | INFO    | LiteLLM Router | litellm.completion(model=openai/qwen3.7-plus)[32m 200 OK[0m
2026-07-31 03:38:45,713 | INFO    | main         | → در گروه قرار گرفت: Watch live on Friday: Liverpool in pre-season training in Chicago
2026-07-31 03:38:47,714 | INFO    | main         | ترجمه: Watch Iraola and Szoboszlai's press conferences in Chicago on Thursday
2026-07-31 03:38:55,006 | INFO    | LiteLLM Router | litellm.completion(model=openai/qwen3.7-plus)[32m 200 OK[0m
2026-07-31 03:38:55,648 | INFO    | main         | → در گروه قرار گرفت: Watch Iraola and Szoboszlai's press conferences in Chicago on Thursday
2026-07-31 03:38:57,649 | INFO    | main         | ترجمه: Andoni Iraola press conference: Chicago benefits, Ngumoha and Wirtz po
2026-07-31 03:39:09,379 | INFO    | LiteLLM Router | litellm.completion(model=openai/qwen3.7-plus)[32m 200 OK[0m
2026-07-31 03:39:10,882 | INFO    | main         | → در گروه قرار گرفت: Andoni Iraola press conference: Chicago benefits, Ngumoha and Wirtz po
2026-07-31 03:39:12,883 | INFO    | main         | ترجمه: Dominik Szoboszlai: I want to step up and be an example for Liverpool
2026-07-31 03:39:21,606 | INFO    | LiteLLM Router | litellm.completion(model=openai/qwen3.7-plus)[32m 200 OK[0m
2026-07-31 03:39:23,055 | INFO    | main         | → در گروه قرار گرفت: Dominik Szoboszlai: I want to step up and be an example for Liverpool
2026-07-31 03:39:25,056 | INFO    | main         | در این سیکل 5 خبر ارسال شد
2026-07-31 03:39:25,056 | INFO    | main         | سیکل تمام شد و ربات بسته شد — دکمه‌ها فقط وقتی کار می‌کنند که ربات روشن باشد: python main.py
2026-07-31 03:43:22,674 | INFO    | main         | متصل شد به @lfc_news_development_bot | حالت انتشار: manual
2026-07-31 03:43:22,674 | INFO    | main         | بررسی کلیک‌های در انتظار (دکمه/دستور) قبل از سیکل جدید...
2026-07-31 03:43:31,549 | INFO    | src.lfc      | رد شد (gallery:): Gallery: Pre-season training continues for LFC Women in Wale
2026-07-31 03:43:35,215 | INFO    | src.twitter  | توییتر: 29 حساب در 2.3s (FabrizioRomano, David_Ornstein, JamesPearceLFC, DavidLynchLFC, _pauljoyce, LFC)
2026-07-31 03:43:35,216 | INFO    | src.twitter  | رد شد (توییت کوتاه/مدیا): @LFC — The winner at Yankee Stadium 🙌  Video
2026-07-31 03:43:35,218 | INFO    | main         | جمع‌آوری شد: 10 آیتم
2026-07-31 03:43:35,218 | INFO    | main         | ترجمه: Sunday: Watch live as Liverpool face Leeds United in Chicago
2026-07-31 03:43:35,240 | INFO    | LiteLLM Router | Routing strategy: simple-shuffle
2026-07-31 03:43:35,241 | INFO    | translate    | زنجیره LiteLLM آماده شد: qwen3.7-plus → groq → gemini-flash-lite → ling-openrouter → groq-qwen → openrouter → gemini-flash → nemotron-super
2026-07-31 03:43:45,264 | INFO    | LiteLLM Router | litellm.completion(model=openai/qwen3.7-plus)[32m 200 OK[0m
2026-07-31 03:43:46,071 | INFO    | guard        | نگهبان کانال: 21 پست اخیر خوانده شد
2026-07-31 03:43:46,626 | INFO    | main         | → در گروه قرار گرفت: Sunday: Watch live as Liverpool face Leeds United in Chicago
2026-07-31 03:43:48,627 | INFO    | main         | ترجمه: Watch live on Friday: Liverpool in pre-season training in Chicago
2026-07-31 03:43:55,720 | INFO    | LiteLLM Router | litellm.completion(model=openai/qwen3.7-plus)[32m 200 OK[0m
2026-07-31 03:43:56,265 | INFO    | main         | → در گروه قرار گرفت: Watch live on Friday: Liverpool in pre-season training in Chicago
2026-07-31 03:43:58,266 | INFO    | main         | ترجمه: Watch Iraola and Szoboszlai's press conferences in Chicago on Thursday
2026-07-31 03:44:05,661 | INFO    | LiteLLM Router | litellm.completion(model=openai/qwen3.7-plus)[32m 200 OK[0m
2026-07-31 03:44:06,275 | INFO    | main         | → در گروه قرار گرفت: Watch Iraola and Szoboszlai's press conferences in Chicago on Thursday
2026-07-31 03:44:08,276 | INFO    | main         | ترجمه: Andoni Iraola press conference: Chicago benefits, Ngumoha and Wirtz po
2026-07-31 03:44:19,798 | INFO    | LiteLLM Router | litellm.completion(model=openai/qwen3.7-plus)[32m 200 OK[0m
2026-07-31 03:44:20,547 | INFO    | main         | → در گروه قرار گرفت: Andoni Iraola press conference: Chicago benefits, Ngumoha and Wirtz po
2026-07-31 03:44:22,548 | INFO    | main         | ترجمه: Dominik Szoboszlai: I want to step up and be an example for Liverpool
2026-07-31 03:44:33,688 | INFO    | LiteLLM Router | litellm.completion(model=openai/qwen3.7-plus)[32m 200 OK[0m
2026-07-31 03:44:34,283 | INFO    | main         | → در گروه قرار گرفت: Dominik Szoboszlai: I want to step up and be an example for Liverpool
2026-07-31 03:44:36,284 | INFO    | main         | در این سیکل 5 خبر ارسال شد
2026-07-31 03:44:36,284 | INFO    | main         | سیکل تمام شد و ربات بسته شد — دکمه‌ها فقط وقتی کار می‌کنند که ربات روشن باشد: python main.py
2026-07-31 03:57:13,305 | INFO    | main         | متصل شد به @lfc_news_development_bot | حالت انتشار: manual
2026-07-31 03:57:13,305 | INFO    | main         | بررسی کلیک‌های در انتظار (دکمه/دستور) قبل از سیکل جدید...
2026-07-31 03:57:19,745 | INFO    | src.lfc      | رد شد (gallery:): Gallery: Pre-season training continues for LFC Women in Wale
2026-07-31 03:57:22,000 | INFO    | src.twitter  | توییتر: 29 حساب در 2.0s (FabrizioRomano, David_Ornstein, JamesPearceLFC, DavidLynchLFC, _pauljoyce, LFC)
2026-07-31 03:57:22,003 | INFO    | src.twitter  | رد شد (توییت کوتاه/مدیا): @LFC — The winner at Yankee Stadium 🙌  Video
2026-07-31 03:57:22,004 | INFO    | main         | جمع‌آوری شد: 10 آیتم
2026-07-31 03:57:22,004 | INFO    | main         | ترجمه: Sunday: Watch live as Liverpool face Leeds United in Chicago
2026-07-31 03:57:22,026 | INFO    | LiteLLM Router | Routing strategy: simple-shuffle
2026-07-31 03:57:22,027 | INFO    | translate    | زنجیره LiteLLM آماده شد: qwen3.7-plus → groq → gemini-flash-lite → ling-openrouter → groq-qwen → openrouter → gemini-flash → nemotron-super
2026-07-31 03:57:29,884 | INFO    | LiteLLM Router | litellm.completion(model=openai/qwen3.7-plus)[32m 200 OK[0m
2026-07-31 03:57:30,749 | INFO    | guard        | نگهبان کانال: 21 پست اخیر خوانده شد
2026-07-31 03:57:31,150 | INFO    | main         | → در گروه قرار گرفت: Sunday: Watch live as Liverpool face Leeds United in Chicago
2026-07-31 03:57:33,152 | INFO    | main         | ترجمه: Watch live on Friday: Liverpool in pre-season training in Chicago
2026-07-31 03:57:40,704 | INFO    | LiteLLM Router | litellm.completion(model=openai/qwen3.7-plus)[32m 200 OK[0m
2026-07-31 03:57:41,089 | INFO    | main         | → در گروه قرار گرفت: Watch live on Friday: Liverpool in pre-season training in Chicago
2026-07-31 03:57:43,090 | INFO    | main         | ترجمه: Watch Iraola and Szoboszlai's press conferences in Chicago on Thursday
2026-07-31 03:57:49,555 | INFO    | LiteLLM Router | litellm.completion(model=openai/qwen3.7-plus)[32m 200 OK[0m
2026-07-31 03:57:49,990 | INFO    | main         | → در گروه قرار گرفت: Watch Iraola and Szoboszlai's press conferences in Chicago on Thursday
2026-07-31 03:57:51,991 | INFO    | main         | ترجمه: Andoni Iraola press conference: Chicago benefits, Ngumoha and Wirtz po
2026-07-31 03:58:04,738 | INFO    | LiteLLM Router | litellm.completion(model=openai/qwen3.7-plus)[32m 200 OK[0m
2026-07-31 03:58:05,347 | INFO    | main         | → در گروه قرار گرفت: Andoni Iraola press conference: Chicago benefits, Ngumoha and Wirtz po
2026-07-31 03:58:07,348 | INFO    | main         | ترجمه: Dominik Szoboszlai: I want to step up and be an example for Liverpool
2026-07-31 03:58:19,989 | INFO    | LiteLLM Router | litellm.completion(model=openai/qwen3.7-plus)[32m 200 OK[0m
2026-07-31 03:58:20,455 | INFO    | main         | → در گروه قرار گرفت: Dominik Szoboszlai: I want to step up and be an example for Liverpool
2026-07-31 03:58:22,455 | INFO    | main         | در این سیکل 5 خبر ارسال شد
2026-07-31 03:58:22,455 | INFO    | main         | سیکل تمام شد و ربات بسته شد — دکمه‌ها فقط وقتی کار می‌کنند که ربات روشن باشد: python main.py
